,anonymisation,occupation,job_title,company_name,gender
0,randall06,Ing√©nieure statisticienne,Ing√©nieure statisticienne,,female
1,michelle73,Freelance,Senior Customer Support Multilingual,,female
2,matthew94,pupil,Travail en milieu prot√©g√©,,female
3,johnmorris, MRCI - MCSI Remote Cybersecurity Internship,MBA Student | Psychology Graduate | Bridging Human Behavior & Business Strategy,,female
4,karen16,Charg√©e de d√©veloppement carbone,Charg√©e de mission chez Fransylva Services,,female
5,smithsusan,Charg√© d'Approvisionnement et d'Analyse Fulfillment,Responsable approvisionnement - Fili√®re Produits de Sant√©,,female
6,andrew35,,√âtudiant √† ESIEE PARIS,,male
7,gordon14,Transformation Consultant,Support Transformation @Cultura,Cultura,male
8,brandishaw,Data & Analytics Manager,Data & Analytics Manager chez HelloAsso  Animatrice Data for Good √† Bordeaux,HelloAsso,female
9,sherryrussell,Product Owner / IT Business Analyst,Product Owner ‚Ä¢ IT Business Analyst ‚Ä¢ Lead QA at Capgemini | Certified SAFe POPM | Master's degree of IT Information Systems Management Engineer ‚Ä¢ MIAGE,Capgemini,undetermined
10,fletcherashley,Advanced Full stack data scientist,üìä Data Scientist @BetclicGroup üöÄ | Passionate about unleashing the potential of data science and machine learning üß†üí° | Transforming data into actionable insights üåü Let's connect and innovate together! ü§ùüíºüåê,Betclic Group,male
11,jessica25,Freelance Data Scientist,Freelance  open source  dataviz,Freelance,male
12,beltranmichael,Product Manager,Product Manager chez Cdiscount - SEO / Product Recommendation / Generative AI,,male
13,mary20,Auto-entrepreneur,Ing√©nieur Cogniticien - Chef de Projet IT / Product Owner / Business Analyst / UX Design,,male
14,brownamy,Business Manager,Responsable d'activit√© at EFOR,,male
15,amanda04,Chief Data Officer,CDO,POTEZ AERONAUTIQUE,male
16,alevy,Sales Effectiveness Analyst,Sales Performance & Effectiveness Analyst chez Lectra,Lectra,male
17,hannamadeline,Consulting Director,Product & Marketing / ex. leboncoin & CANAL+,,male
18,youngcarrie,Contr√¥leur financier,Contr√¥leur Financier chez Newheat,,female
19,hallrobert,Senior Research data scientist ,Senior Research Data scientist @ Malt  Ph.D. in Mathematics and Computer Science,Malt,male
20,ashleehutchinson,Founder & CEO,Sustainability intelligence with AI,,male
21,sanchezcaitlin,Consultante / E.I.,PhD biological oceanography,Freelance,female
22,desiree00,Data Management and Analytics Governance Expert,Data Management and Analytics Governance expert,BNP Paribas Personal Finance,male
23,smithbrett,,Student at Kedge Business School  as part of the European Business Programme (EBP).,,male
24,gregory72,Director,Data Engineering | Software Engineering | Solutions Provider,Data Technology Consulting,male
25,joshuawagner,Responsable des op√©rations - Assistante personnelle,Responsable de secteur - Passionn√©e de cosm√©tiques,,female
26,nealrussell,Chef de projet Data,Business Analyst - Vertical Service Financier chez Sopra Steria,Sopra Steria,female
27,richardjackson,R√©f√©rente Sant√©,freelance scientific consultant,,female
28,qhubbard,Manager & Senior Head Hunter | IA & Analytics & C-Level,Manager & Senior Recruiter | IA & Analytics Specialist & C-Level,Data Recrutement. | +500 entreprises en...,male
29,uharper,Consultante Manager,Manager Consultant | Data Gouvernance | Data Product Owner,Talan,female
30,arnolddaniel,Responsable Innovation Participative,Innovation | Strat√©gie | Change | Capital Humain,A√âSIO mutuelle,male
31,williamelliott,Solution Lead - SAP Data & Analytics,Solution Lead | SAP Data & Analytics chez delaware France,delaware France,male
32,zpatterson,Senior Product Manager,Product Manager | Ex-Atlassian,NEOBRAIN,female
33,tara10,Product Lifecycle Management Consultant,Consultant PLM,,male
34,andreabrewer,Engineering Manager,Passionate about leading people to excel.,,male
35,shawn84,Chef de projet AMOA ,Analyst,Groupe Cr√©dit du Nord,female
36,htorres,Expert fonctionnel bureau d‚Äô√©tudes,Expert fonctionnel,,male
37,amberabbott,Consultante Digital Analytics,Consultant Digital Analytics chez AT Internet,AT Internet,female
38,ginajohnson,Responsable IT,Conseil en projets digitaux et transformation digitale,umake ,male
39,tmassey,Responsable du service Data chez Ociane Groupe Matmut,Responsable du service Data,Mutuelle Ociane Matmut,male
40,mccallpatty,G√©rant Cabinet de Gestion de Patrimoine,G√©rant Cabinet de Gestion de Patrimoine chez DIANE CONSEIL,,male
41,ejames,Directeur de projets RPA,Directeur de projet RPA / DATA,,male
42,ksaunders,Consultant Power Platform | Evolutec | En mission chez TotalEnergies,Consultant Power Platform | Evolutec | En mission chez TotalEnergies,,male
43,william76,Ing√©nieur Concepteur D√©veloppeur Full Stack,Ing√©nieur Concepteur D√©veloppeur Full Stack,,male
44,jonesalexandra,Projets professionnalisants-Data Analyst - Formation Openclassroom-ENSAE/Supelec,Projets professsionalisants-Formation Openclassroom-ENSAE/Supelec,OpenClassrooms,female
45,williampacheco,Charg√©e de projet et d‚Äôexpertise SNDS,Working,Health Data Hub,female
46,hollyfarrell,Affiliate Partner,Ethical Hacking Instructor | CRTO  PNPT  CompTIA Security+  Google & IBM Cybersecurity Certified,NEA Security,male
47,wbartlett,Charg√© S√©curit√© des Syst√®mes d'Information et Continuit√© d'Activit√©,Charg√© S√©curit√© des Syst√®mes d'Information et Continuit√© d'Activit√©,,male
48,combsamber,Consultant Data IA,Consultant RPA / IA,ALTHEA,male
49,pterry,Journaliste Marketing  Digital et Luxe,Journaliste Animatrice d'√©v√®nements & R√©dactrice #Marketing #Data #IA #Digital #Luxe #Corporate #Famille,NetMedia Group,female
50,dfischer,Technology Intelligence Analyst and Community Manager,PhD  Intelligence Analyst  Research and Project Manager  Smart-Ag Expert  Innovator,CEVA SANTE ANIMALE,male
51,xmitchell,Engine optimization Researcher,Researcher in Video Game's tasks scheduling  parallelism and load balancing,,male
52,ericmorgan,Chief Data Officer,Chief Data Officer | Head of DATA | MS Customer voice and Azure insider member,Groupe Pichet,male
53,mccluresuzanne,Chef de projet,Marketing - Digital - Communication - Data - Project management - IT,,female
54,xkane,Epidemiologa - Bioestad√≠stica,Epidemiologist - Biostatistician,,female
55,dayjennifer,Head of Operation  direct channel,Head of Operation  Hiscox Direct,,male
56,mark62,Business Developper ,On vous accompagne dans la r√©alisation de vos v√™tements et objets personnalis√©s üëïü™°,,male
57,kerri30,Sp√©cialiste RH & Paie - R√©gion EMEA,Budget Optimisation | Continuous Amelioration | Data Analysis | Change Management,,female
58,david47,Responsable de centres dentaires,Responsable de centre dentaire chez Dentego,,female
59,kyle85,Analyste de donn√©es,√âtudiante Mast√®re 1 Data analyse chez Junia Xp,,female
60,bonnie85,Professeur de math√©matiques au coll√®ge,Dynamic and rigorous with a positive attitude. Long experience in Media and Communications. Passionate about travels.,,female
61,michael57,Consultant BI,Consultant BI chez Thelio,,male
62,khanson,Data Analyst,Engineer,,male
63,vnewman,Cash Analyst,Student at KEDGE Business School in Finance,GE HealthCare,female
64,taylorjay,Formatrice Data analyst,Wagon Teacher & Freelance Full Stack Web Developer üë©‚Äçüíª,Le wagon,female
65,victor16,CSR & Data Reporting Analyst,MBA,,female
66,claudiajones,Product Manager | Quantum Physicist,Product Manager | Quantum Physicist at Quantum Machines,,male
67,jonespatty,Consultant CRM,En recherche de poste - CRM  Account Manager  CSM  Business Analyst - Secteur SaaS  ESN  Agence Digitale. +3 ans XP en projet CRM et Relation client B2B üîçüíº,,male
68,efletcher,Int√©gratrice ERP,Int√©gratrice ERP | d√©veloppeuse Talend ETL/API üë©‚Äçüíª,Davidson consulting,female
69,gilbertadams,Analyste de donn√©es,√âtudiante en Master 2 de Mod√©lisation statistique et stochastique,,female
70,mcgeejames,Founder,Energy & Climate Analyst - Haki Energy Founder and IEA WEO Alumni,International Energy Agency (IEA),male
71,alison20,Business analyst,Graduated from Emlyon Business School and ready to start a new adventure | MSc in Management - Grande Ecole,,male
72,caldwellheather,Data & BI Consultant,Data and BI Consultant | Analytics Engineer at Th√©lio,Th√©lio,male
73,jonespaula,Data analyst ,√âtudiant en M1 MIAGE √† Bordeaux,Cr√©dit Agricole Titres,male
74,longstacie,Consultant,Consultant Disaster Recovery Manager,,male
75,coneill,Analyste vid√©o,A la recherche d'une alternance en Data Analyse,,male
76,rebecca21,Product Manager,Product Manager | Data and WebCloud,,male
77,alexandria96,SEO Lead,SEO Lead at Pleo,,male
78,kyle97,Consultant Data/IA/RPA,Business Analyst / Consultant Confirm√©,,male
79,kortiz,Operational risk officer,√©tudiante en M1 English finance √† Kedge BS,,female
80,smiththeresa,Project Data Manager,Ing√©nieur d√©cisionnel | Power Bi | Qlik | Talend ETL | IA,Hutchinson,male
81,candice64,Product Owner ,Ing√©nieur Cogniticienne | Conception Centr√©e Utilisateur de Syst√®mes Num√©riques & Gestion de projet,,female
82,sarahfranklin,Ing√©nieur logiciel IHM Cockpit,Ing√©nieur logiciel IHM chez Thales AVS,,male
83,flewis,Consultante donn√©es,Consultante Data @KPC,,female
84,elizabeth57,PHD Researcher,MD | PhD Student in Medical Informatics,Centre national de la recherche scientifique,male
85,margaret14,Assistante Data,Assistante Data - Jou√©Club,Jou√©Club !,female
86,alanmorrison,Contr√¥leur de gestion,Contr√¥le de Gestion Promotion Immobili√®re chez Groupe Pichet,,female
87,nancy86,Ing√©nieure IA,AI Engineer at Chipiron,,female
88,christina85,Senior Analytics Engineer - Supply & Price,Senior Analytics Engineer - Supply & Price,,male
89,tara68,CSRD Data Lead - S&R Data Analyst,Freelance Consultant: Data & IT Project Manager / Product Owner / Product Manager,Pernod Ricard,male
90,harveyclifford,Manager Marketing & Player Analytics,Manager Marketing & Player Analytics,,female
91,sheila08,Freelance Data Scientist ,Currently testing  failing  learning.,Le Wagon,male
92,gomezmichael,Product Manager,Product & Certified Project Manager AI / Product Owner & Designer,Laurent Berry,male
93,wheelerlinda,Founder & CEO,Sustainable sourcing of raw materials & LCA üçÉ | Founder of Rosa.io | Born at 360 PPM.,,male
94,richard26,Responsable commercial,Hybrid Profile ‚Äì Analyst & Sales | Analytics  Field & Performance | SQL ‚Ä¢ Excel ‚Ä¢ Real Estate ‚Ä¢ Market Research,,male
95,vcoleman,,International Business and Strategy master's degree student,,female
96,dawngordon,AXA WEALTH SERVICES,Product owner,,male
97,tanyaaguilar,Talent Development Director,Talent Development Director @ Welcome to the Jungle,,female
98,michele24,Data Annotator  analyst and translation,Analyste de donn√©es chez Freelance | Collecte de donn√©es  AI,Centific,female
99,flemingeric,U.16 Performance Analyst,Football Coach & Performance Analyst,,male
100,harriseileen,Analyste de donn√©es,Data Consultant at Davidson consulting,,male
101,debra69,Consultant,Consultant Talan Consulting,,male
102,ramireztimothy,Supply chain  Consulting,Last Year Master's Student @ KEDGE Business School | Seeking 6-Month End-of-Studies Internship from June 2025,,male
103,walkerjorge,Analyst - Sustainability solutions,Ex - Sustainability Solutions @ ENGIE Impact,,male
104,zwebb,Business Analyst,Data & Analytics Analyst ¬∑ Marketing Analyst ¬∑ Visualisation Expert ¬∑ Business Analyst ¬∑ Business Intelligence Specialist ¬∑ Growth manager ¬∑Lead generation,,male
105,ericajackson,Group Brand Marketing & Strategy Lead Sr.,Group Brand Marketing & Strategy Lead Sr @BESTSECRET | ex-LVMH Group | ex-Strategy Consultant,,female
106,mreynolds,Data Science Manager,DataScience Manager chez Betclic Group,Betclic Group,male
107,choibrandon,D√©veloppeur Full Stack,Etudiant en Developpement informatique (en formation),,male
108,choimindy,Ing√©nieur Progr√®s M√©thodes Central & Variation Reduction MTP Leader & Animatrice VSM3Y ESBN,Ing√©nieur Progr√®s M√©thodes Central & Animatrice VSM3Y & Variation Reduction/MTP Leader ESBN,,female
109,qwalton,√âtudiant en Master 2 √âconomie de l'innovation √† Universit√© de Bordeaux,‚ÄØMsc Data Analytics & Manager Marketing,,male
110,rodriguezlaura,Consultante-Chercheure en √©conomie environnementale - P√¥le Biodiversit√© & Climat,Sustainability specialist,,female
111,wlove,Consultant senior,Expert fonctionnel IT : Business Analyst  AMOA | Ecrivain - Editeur ind√©,,male
112,victoria61,Product Manager/ Product Owner,Product manager & Associate @DataFret,,male
113,mariavelasquez,Quality Performance Specialist,Quality perf‚Äô @Back Market,,female
114,afarrell,Collecte de donn√©es et Analyses Statistiques ,Economics and Data Analysis student at University of Bordeaux,,male
115,david19,Charg√© d'√©tudes actuarielles,Charg√© d'√©tudes actuarielles chez GGVie,,male
116,isabel35,Data Analyst (Freelance),Sp√©cialiste de la donn√©e  avec une solide exp√©rience technique  une app√©tence pour diriger des projets et un vif int√©r√™t pour l'innovation.,FLOA,male
117,toniwalker,Senior Analytics & Conversion Consultant,Senior Analytics & Conversion Consultant at Converteo,Converteo,male
118,petersontammy,Data Analyst,MS Information Systems,,female
119,valvarado,Charg√©e de pilotage commercial,Charg√©e de pilotage commercial chez GROUPAMA GAN VIE,GROUPAMA GAN VIE,female
120,mboyd,Ing√©nieur production,Ing√©nieur production chez Dassault Aviation,,male
121,woodsmegan,Chef de projet,Project Manager at Centrale Nantes √âtudes | Computer Engineering  Finance | Student in Applied Mathematics at Centrale Nantes,,male
122,clarkcrystal,Co-fondateur,Trouvez plus de clients gr√¢ce √† L'IA | ex-Betclic ex-Ekimetrics,,male
123,gatesdavid,Chef de projet Digital Interne et Externe,üîÑ Retraining in HR | Specializing in well-being at work & burnout prevention,,female
124,sullivanmary,Stagiaire Science des Donn√©es,Data Engineer Intern @EVIDEN | Google IT Support Certified | No-Limit Engineer,Eviden,male
125,kevinchavez,Data Analyst & Key Accounts Food & Pharma,Sales & Marketing Master Student at Kedge Business School,Air Liquide,female
126,markdudley,Talent Acquisition Manager,Talent Acquisition Manager @Luni,,female
127,larryroberts,Formateur et consultant RSE,üåä Oser la RSE : Formation & Conseil,,male
128,georgeporter,Charg√© de projet optimisation du processus de recrutement,Charg√© de mission,,male
129,browningcathy,Product Manager,PM Freelance | Cofondateur @Dift | X16,,male
130,jasonwilson,Responsable Commercial France,Responsable Commercial France,,male
131,derrickwilliams,Head of Product Oncology Providers,Healthcare Data Enthusiast,,female
132,michaelaustin,EU  Commercial Data Operations Manager,EU  Commercial Data Operations Manager,BioCryst Pharmaceuticals,male
133,stevensanchez,Consultant Feature owner,Business Intelligence Consultant - Project manager,,male
134,diana62,Analyste logiciels,Software Analyst,,male
135,grahamleslie,Data Manager,Data manager chez Peaksys,Peaksys,female
136,kfrazier,D√©veloppeur fullstack,D√©veloppeur full stack freelance,,male
137,scott90,Purchasing Assistant at GTS WOOD,Purchasing Assistant at GTS WOOD,,female
138,watkinsdevin,Senior Data Scientist,Data Scientist chez FLOA,FLOA,female
139,laurie98,Account Manager,Export Sales Administrator | Exportation projects | International business,,male
140,drewhuynh,Manager ,√âtudiant en MBA Manager du D√©veloppement Commercial d'Entreprise   pr√™t √† mettre en pratique mes comp√©tences pour contribuer √† la croissance des Ese | √Ä la recherche d'une alternance d√®s que possible.,,male
141,xperez,Charg√©e de projets e-marketing & data,Marketing  communication & data,Acces Industrie,female
142,sarahsoto,Head of Data,Head of Data,Octopia,male
143,anthonymoore,Data measurement expert üìà,Data measurement expert @ dentsu data labs France,Dentsu Data Labs France,male
144,woodardsandra,Digital Analyst,Data Expert,Cultura,male
145,kimberlydouglas,Ing√©nieur Interoperabilit√©,Ing√©nieur logiciel de sant√©,,male
146,morganjohnson,Responsable Data Analyse et Web Analyse,Responsable Analytics chez Cdiscount,Cdiscount,female
147,cruiz,R&D Cybersecurity Consultant Data Scientist / MLOps,Ing√©nieur en Data Science & MLOps,TEHTRIS,male
148,jameshartman,Data Scientist - R&D,Engineer - Data Scientist,FieldBox.ai,male
149,sanchezalexander,Analyste D√©veloppeur C# .NET - AS400 Visual Ad√©lia - Data Analyst,Analyste D√©veloppeur AS400 chez Filhet-Allard,,male
150,thomas28,Responsable projet Data IT - Secr√©tariat G√©n√©ral - Soci√©tariat - RSE,Responsable Projet Data IT,Caisse d'Epargne Aquitaine...,female
151,omarshall,Product manager,Product Owner,,female
152,michelleanderson,PHD Student,PhD student @ Institute of Neurodegenerative Diseases  ESSEC & UCA alumni,,female
153,gloverjason,Business analyst,Business analyst,Visable,male
154,johnsondale,Analyste de donn√©es,Ing√©nieur. Financement de projet/financements structur√©s  btp  statistiques  data.,,male
155,kelly09,Data Science Director,DataScience Director,BioSerenity,male
156,cherrytoni,Consultant,Consultant,,male
157,daniel19,Consulting Expert - Data & Change Management,Consulting Expert - Data & change management,Orange Business,female
158,larsenmichelle,Data Quality Analyst,Co-Founder at Anahata Interactive,,male
159,jacksonrobert,Lead manager B2B IT,IT and Data Science manager | Head of B2B IT at BNPP Personal Finance,,female
160,griffinmatthew,Product Owner Data,Product Owner Data,Betclic Group,male
161,michael23,Responsable Integration Globale,Responsable Integration Globale,,male
162,davischristian,Doctoral Student,Bioinformatics,,female
163,justinlee,Chef d'activit√© data analyse,Chef d activit√© data analyse chez Cdiscount,Cdiscount,male
164,jacobowens,Data Engineer,Data Engineer chez Betclic,Betclic Group,female
165,harry97,Gestionnaire Middle-Office,Fund Analyst - Middle-Office - Private Debt - Private Equity - Venture Capital,,male
166,erika10,Product Manager Team Risk,Product Manager Risk chez Cdiscount,Cdiscount,female
167,guzmantravis,Senior Data Engineer,Senior Data Engineer chez ManoMano,ManoMano,male
168,adrianfisher,Chef de Projet Data,Chef de Projet Data,Th√©lio,male
169,erobinson,Analyste de donn√©es,Relation clients - Analyse de donn√©es - Gestion de projet,,male
170,cliffordgarcia,Data Analyst,Performance Manager @ Darbyon,,female
171,jmartin,Senior Product Manager,Product Manager,,female
172,laurie00,Software Engineer,Chef de produit paiement fractionn√© - Pachira Pay,,female
173,omathews,Conseiller en prevoyance et sant√© GGVIE,"""Data Analyst"" | Pr√™t √† int√©grer votre entreprise ! |10 ans d'experiences en tant que #statisticien",,male
174,robert72,Consultant PropTech,Consultant,,male
175,danielgarcia,Senior Analytics Engineer,Senior Analytics Engineer chez Converteo,,female
176,eflynn,Lead Communaut√© des Participants - Parcours CEC Oc√©an,Consultante S√©nior RSE I Data I Tourisme üå±,ALFRED,female
177,mccarthylaura,Directeur,Directeur chez Ryst Dupeyron,,male
178,ricardowhite,Doctorant,Doctorant Intelligence Artificielle / Neuroscience,,male
179,salasdominic,Data Analyst,CHIBO SERVICES,CY Services,male
180,john70,Consultant d√©veloppeur C#/.NET,D√©veloppeur C#/.NET,,male
181,cheyennesmith,Analyste d‚Äôintegration,Analyste / Ing√©nieur d‚Äôint√©gration,,male
182,willistimothy,Project Intern,Data and research driven professional set on innovation and sustainability. Experienced  insightful  versatile.,,male
183,davisjulie,Traffic Manager & Senior Paid Media Analyst,Traffic Manager & Senior Paid Media Analyst,ManoMano,male
184,xvelez,Formateur / Data Scientist,Formateur / Data Scientist,Insee,female
185,huberjoseph,,MBA Candidate at IAE Bordeaux,,male
186,ucontreras,Ingenieur forestier - Expert For√™ts & Carbone,Project Manager - Research Engineer at INRA,,female
187,gutierrezgary,Onshore Energy Underwriting & Data Analyst,Onshore Energy Underwriter,,male
188,briana39,Data Engineer,Agile Data Science & Global Program & Project Management MSc  a creative problem solver with data-driven efficiency,Nfinite,male
189,andreacohen,Talent Acquisition Manager,Manager recrutement : DATA / TECH / PRODUCT / MARKET / RH,,male
190,wayne15,Senior Product Manager,Product @ ManoMano,,male
191,michellesampson,Head of Engineering - Head of Data Platform,Head of Data Platform at Betclic Group,Betclic Group,male
192,weavernathaniel,Responsable Transformation Num√©rique & R√©f√©rent IA G√©n√©rative,Responsable Transformation Num√©rique et R√©f√©rent IA G√©n√©rative chez LISEA,,male
193,richard49,Charg√© de projet int√©gration ERP,Charg√© d‚Äô√©tudes,,male
194,sandrabowers,Chief Transformation Officer : AI  Data  Innovation & Sustainability,Technology & Sustainability Leader - Connecting the dots between technology  people  and business.,FLOA,male
195,julie72,Lead Product Manager / Product Coach,üß≠Lead Product Manager,,male
196,wadebrian,D√©veloppeur Python,Ing√©nieur freelance - d√©veloppeur & industriel,Charles LEGER,male
197,wendy07,Operations Analyst MO Stock,√âtudiante au Magist√®re d‚Äô√âconomie et Finance Internationales (MAGEFI) √† l‚ÄôUniversit√© de Bordeaux,Amundi,female
198,scott75,Product Data Manager,Data Product Manager - Betclic Group,Betclic Group,male
199,denisefernandez,Online Services Director,Director - Online Services @ Ubisoft Bordeaux,,male
200,gonzalezmike,Head of Data Valuation & PMO,Data & IA for industry,ACC,male
201,deannahernandez,G√©rante,G√©rante chez Hi Bis : Office Manager / Responsable Financi√®re / Data Analyst,,female
202,karenstrickland,Business Data Analyst,Currently studying Management of International Commercial Projects at the IUT of Bordeaux-Bastide; and working at the company PENA METAUX in M√©rignac  as sales assistant.,Thales,male
203,christianbowman,Consultant en intelligence d√©cisionnelle,Consultant informatique d√©cisionnelle,,male
204,ericlynch,Data Engineer,Data Engineer chez Synapse Medicine,Synapse Medicine,female
205,griffinlaura,Data Manager SIG,Data Manager SIG,DOTIC,male
206,bevans,Pilotage par l'impact,Freelance en pilotage par l'impact,,female
207,janderson,Freelance Google Ads / Expert en acquisition / Lead & Ecommerce,Google Adwords Consultant / Youtube Ads / ‚≠êÔ∏è Google Ads Trainer üöÄ,,male
208,ojackson,Project Manager Internal Flows at Olympic Village,Project manager internal flows,,male
209,brittany53,Proxy product owner - ASP,IT Business Analyst,,male
210,tracy09,Pr√©sident,l'Intelligence Artificielle au service de l'Eau : Groupe ALCOM,,male
211,debbie36,Head of Data,Head of Data at Filhet-Allard GIE (AMV  FACIE  FAM ...),Filhet-Allard,male
212,regina66,Cofondateur,Cofondateur Marmots ‚Üí Boostez votre visibilit√© avec notre expertise digitale | Responsable Marmots üìçAgen,,male
213,johnsondeborah,Analyste de donn√©es,Data scientist,,male
214,gavin21,Search Engine Optimization Specialist,Data Scientist,Ma Ville Mon Shopping,male
215,traceyroberts,Enseignant des cours particuliers de Math√©matiques,A la recherche d'un poste de Data analyst/ing√©nieur en Statistique/ Enseignant de Math√©matiques,,male
216,wisebrian,Digital System Engineer,Digital System Engineer  Power BI Expert,,male
217,devinreynolds,Ing√©nieur syst√®mes IA,AI Systems Engineer,,male
218,erogers,Data Science & AI Project Leader,AI Engineer,SERMA TECHNOLOGIES,male
219,mitchellmary,Consultante Data Scientist,Consultante Data Scientist chez Bartle,Bartle,female
220,cindystevens,Proposal and Grant Writing Fellowship,MSc. Environmental Contamination and Toxicology | Environmental and Analytical Chemistry | Ecotoxicologist | Young Innovation Leader Alumni,,female
221,tapiamichael,Data Scientist formation professionnelle ,Data Scientist | SQL  Python  Machine Learning,,female
222,sfuentes,Consultant expert BO ,Consultant expert BO & SAS | Label Bilan Carbone  Impacts Environnementaux du num√©rique,,male
223,ronald37,,√âtudiante en 3√®me ann√©e √† Epitech Digital School,,female
224,shawanna,Process Mining Analyst - Professional Services,√âtudiant en Master Achat International (MAI) √† Kedge Business School  √† la recherche d‚Äôune alternance en Achat / Approvisionnement / Supply Chain,,male
225,shortjean,Ing√©nieur Brevets,Ing√©nieur Brevets | PhD | Physique  √ânergie  Data/IA,,male
226,jessicabrown,Medical Writer,Chef de projet Affaires M√©dicales & Medical Education | PhD | R√©dactrice m√©dicale |,,female
227,fsantiago,Ing√©nieur d'Affaire Consultant Google Ads Manager Marketing Acquisition Digitale CMO SEA DATA CRM,Marketing Acquisition Sp√©cialiste Google Ads Consultant Digital SEA SEM SEO SMA Performance Manager Freelance DataDriven GA4 CMO LeadGen Ecommerce Business Growth Webmarket Ing√©nieur d'Affaires Formateur Intervenant Pro,,male
228,mosserica,Charg√©e de mission marque,√âtudiante en Master 1 Marketing √† Kedge Business School,,female
229,michelle23,Data Scientist | Analyst,Data Scientist  I use Machine Learning to transform your data into decision-making and process optimization tools,umake,female
230,carl86,Digital Systems Engineer,Data Analyst et Consultant en Intelligence d'Affaires (Business Intelligence) | D√©veloppeur de solutions Power Platform,,male
231,sarahburke,D√©veloppeur Web Full Stack,üíª Ing√©nieur Logiciel | üéì √âtudiant en 3e ann√©e √† Epitech Technology,Orange Business,male
232,fordallison,Coordinador de ventas y marketing,Recherche Alternance | CRM | Data analyst Marketing |,,female
233,james28,Analyste de donn√©es,Consultant data,,male
234,michellehernandez,Data Scientist,Data Scientist at BNP Paribas Personal Finance,,female
235,ulowe,Strategic business analyst,Strategy & business analyst at Cdiscount,Cdiscount,male
236,gregory00,Analytics Engineer,Analytics Engineer chez ENGIE,ENGIE,male
237,qmahoney,Stagiaire Analyste en Intelligence Min√©rale,General Engineer | Data and Process Optimization,SRD R√©seaux Distribution,male
238,ashleycuevas,Data Integration analyst,Architecte int√©gration,,male
239,jonesrichard,Associate Director  Data Analytics,Associate Director  Data Analytics @ S&P Global | Quantitative Analyst  Developer,S&P Global,female
240,christianclark,Data Scientist,Ing√©nieure en analyse de donn√©es | Science ouverte & environnement | Projet SODIO (CNRS) | Laboratoire EPOC ‚Äì Universit√© de Bordeaux,,female
241,hawkinsmelissa,Employ√© Commercial Polyvalent,Data Analyst | Ex-caviste passionn√© par la donn√©e | SQL ‚Ä¢ Python ‚Ä¢ Power BI ‚Ä¢ Looker Studio | Analyse & Visualisation orient√©es d√©cision,,male
242,calebhall,Charg√© de communication digitale,Student at Amos - Sport Business School,Betclic Group,male
243,joshua40,Founder  CEO and Creative Director,I make games  advise and invest in startups.,,male
244,tammy02,Actuary / Data Scientist,Actuary/Data Scientist,EURODOMMAGES,male
245,igraham,,Digital Marketing & Advertising - Customer Relationship Management - Data Analyst,,female
246,erivera,Contr√¥leuse de Gestion Sociale,People Data Analyst | Reporting & Data Visualization | HR  Finance & Business acumen,,female
247,kaitlinharris,Game Designer,Game Designer Freelance,,male
248,donald75,Traffic Manager,üåü Aspiring Digital Marketing Expert Ready for International Opportunities in France üåü I am eager to bring my expertise and innovative mindset to a forward-thinking startup or international company in France.,,female
249,richard28,,√âtudiant en MIAGE √† l'Universit√© de Bordeaux | Futur Data Analyst / Chef de Projet IT | Recherche Alternance,,male
250,aburke,Co-Founder & Tech Recruiter,Co-Founder & Tech Recruiter @Tech a Way III Recrutement Tech  Data  Produit  Sales & RH,,male
251,patriciamendez,Big Data Engineer,French Computer Science and Mathematics student  bachelor's degree.,Astek,male
252,vargasjonathan,,Finance Master's Student | Aspiring Financial Analyst | Driven by Data  Strategy  and Growth,,male
253,awolf,CEO,Python/Django Technical lead,,male
254,chanson,Conseiller commercial chez JDC SA,Int√©rimaire / R√©serviste op√©rationnel de l'arm√©e de terre,,male
255,bbuck,Trainer,Student at University of Bordeaux,,male
256,amy27,Winery / Project Coordinator,Winery Coordinator,,male
257,natasha71,Senior FullStack Developer,Senior Fullstack developer,,male
258,markmorris,Product owner Consultant,Project manager / Product owner,Cultura,female
259,nicholasperez,Head of Data Science,Head of Data Science at HelloWork,,female
260,tannerhuerta,Data Project Manager,Data Project Manager,Lectra,female
261,dcruz,System Engineer,Administrateur Syst√®mes,,male
262,becky32,Data science practitioner - Python Developer - Machine Learning - Blockchain Technologies,Data science practitioner - Python Developer - Machine Learning - Blockchain Technologies,(free...,male
263,lewisgregory,Data Analyst  Processes and Tools Manager,Business Operations Analyst,Dassault Aviation,male
264,jacobfoster,Head of Data,Head of Data at Ejara,,male
265,michaelflowers,Head Of Product - Authentication Fraud & BNPL,Data Science & Product @Cdiscount,,male
266,xpatterson,Corporate Data Director,Corporate Data Director at Ubisoft,,male
267,zacharydean,Data Scientist,Data Scientist,Lidea,male
268,marshallandrea,D√©veloppeur Full Stack,D√©veloppeur web/logiciel,,male
269,tiffany43,Data Engineer,Data Engineer chez Ippon Technologies,Ippon Technologies,male
270,robert11,Corporate management and Integration Project,Junior Purchaser | MAI's student | KEDGE Business School,,male
271,patrickkathleen,Data IT Engineer,Data Architect,CGI,male
272,vasquezaaron,D√©veloppeur BI,D√©veloppeur BI en alternance,,male
273,stephenwheeler,Data Scientist,Data Scientist,Metamoki Inc.,male
274,michelle58,Head of Data Product,Head of Data Product at Betclic Group,,female
275,escobarjoshua,Senior Consultant,consultant senior,,male
276,hermanmark,Data Engineer,Data engineer Bordeaux,Dassault Aviation,male
277,melissa11,Manager,Manager Data & IA,,male
278,collinslisa,Technical Lead Data Engineer,Senior Data Engineer  Technical Lead at ACC - Automotive Cells Company,ACC,female
279,jenniferjohnson,G√©rant,Dirigeant de D√©calez! üë®‚Äçüéìüé≠ La formation et l'√©v√®nementiel par l'improvisation appliqu√©e,,male
280,jamesbradford,Administrateur SIG,Geoint / SIG / T√©l√©detection,,male
281,qnelson,,√âtudiante a l'ENSEIRB-MATMECA en cycle d'ing√©nieur R√©seaux et Informatique || Alternante au sein du CATIE d√©partement Algorithmiques et Donn√©es.,CATIE (Centre Aquitain des Technologies de l'Information et √âlectroniques),female
282,sandra65,Consultante Product Owner,Business / Web Analyst,,female
283,ychristian,Data Analyst,Business Analyst | Cdiscount Advertising,Cdiscount Advertising,male
284,josephgarcia,Consultant ind√©pendant,Data Product Manager - freelance,Gaia Product ,male
285,sarah87,Data Scientist/Computer Vision,Data Scientist na SUEZ EF,SUEZ,male
286,katherine63,Poissonier en alternance,√âtudiant en Marketing et Data Analytics,Groupe Caisse des D√©p√¥ts,male
287,codyrodriguez,Data Analyste,Data Analytics I Pricing I Finance,Foxintelligence,female
288,danielleferguson,,üìä Data Analyst | Business Intelligence Specialist | üéØ En recherche d‚Äôemploi,,male
289,vwhite,Responsable Expert Data et D√©veloppement,Expert Data,Caisse d'Epargne Aquitaine Poitou-Charentes,male
290,shawnspencer,Professeur d‚Äôescalade,CEO of ADEOPS -- Sport Scientist & Data Analyst -- Sp√©cialit√© : Natation,,male
291,gabrieladavis,Engineering Manager Data,Engineering Manager Data @ Back Market,Back Market,male
292,swilliams,Data Scientist,AI & Data Engineer,Scalian,female
293,nhunt,Senior Data Consultant,Consultant Data Senior,eXalt,male
294,ydavis,Analyste de donn√©es,Data Marketing,,male
295,hannah48,Relocation,Testeur fonctionnel s√©nior / Data analyst junior,,male
296,christopherturner,Consultant data,Consultant data chez Ioda Group,IODA Group,male
297,tonibridges,Data Analyst & Data Scientist,Data science üéØ | √âtudiant en √©cole d'ing√©nieurs informatique,Stellantis &You France,male
298,bradherrera,Business Analyst,Business Analyst chez SOMFY Group,SOMFY Group,female
299,doylehaley,Analyste de donn√©es,Data Analyste - Thales,Thales,male
300,gregorywelch,Responsable de projets digitaux,Responsable de projets MOA / Data project manager,Wild Code School,female
301,daysteven,Data engineer,Data engineer information m√©dicale groupe,ELSAN,male
302,jeffrey74,,Product Operations | Quality Analyst | Trust and Safety,,male
303,brownfrances,Data-analyst @ M2i Formation,Sp√©cialiste informatique chez PSI,M2i Formation,male
304,james51,Data Engineering Manager,Data Engineer,ACC,male
305,nancyjohnson,Analyste chef de projets data,analyste chef de projets data,Bordeaux M√©tropole,male
306,paul07,Data product owner,Product Owner,Betclic Group,male
307,megan35,Conseill√®re Epargne,Data Analyst | De l‚ÄôAssurance-Vie üè¶ √† la Data üìä | Python üêç | SQL üõ†Ô∏è | BigQuery & GCP ‚òÅÔ∏è,,female
308,sherry88,Analyste de donn√©es,Data Analyst LA POSTE GROUPE | DATAIKU | PYTHON | SQL | TABLEAU | POWER BI,,male
309,vrodriguez,Volunteer Data Science Consultant,Data Python Developer,Data For Good,female
310,rebeccaserrano,Growth Marketer,√âtudiante en transformation digitale,JAPANNEXT,female
311,jevans,Business Analyst,Data Analytics @ KEDGE BS üá´üá∑ | xITU | xAIESEC üåç,,male
312,khernandez,Analyste RH,Data Analyst | BI Expert (Business Objects  PowerBI) | Cognitive Ergonomics & Data-driven HR Solutions,CHU de Bordeaux,male
313,leeivan,Business Analyst - Chef de projet Big Data,Business Analyst - Chef de projet Big Data chez Groupe Caisse des D√©p√¥ts,Groupe Caisse des D√©p√¥ts,male
314,qgould,Gestionnaire Data,üéØ Data Analyst | Data Scientist | üìä Passionate about Data Analysis and Artificial Intelligence | üöÄ Continuous Learner,,male
315,woodsedward,Business Analyst,Business Analyst,Groupe SII,male
316,ebonyjohnson,Analyste web,Analyste web,,male
317,martinmarie,Exploitation de donn√©es (DODSI) üîò Data Analyst ,Data Scientist / Credit risk analyst at Cr√©dit Agricole Consumer Finance,,male
318,atkinsonkim,Data engineer / analyst / scientist,Data Scientist + Freelance Front-end Developer,onepoint,male
319,stevenward,Geographic Information Systems Data Analyst ,Geographic Information Systems Data Analyst at Bordeaux M√©tropole,Bordeaux M√©tropole,female
320,angela93,G√©ographe-Data Analyst-G√©omaticienne chez a'urba,G√©ographe-Data Analyst-G√©omaticienne chez a'urba,agence d'urbanisme Bordeaux Aquitaine,female
321,ashleymitchell,Ing√©nieur Data ,Ing√©nieur Data chez FLOA,FLOA,male
322,cynthia67,Operations Manager,M2 Data analytics for Business at Kedge Business School,,female
323,joshua77,Business Analyst ,Business Analyst chez Sopra Steria,Sopra Steria,male
324,fterry,Data Science Teacher Assistant,Consultante Data | The Information Lab,The Information Lab,female
325,bellanthony,Data analyst - Product and BI,Data analyst (Product and BI) at Libon,Libon,female
326,jamesarroyo,ABM Data manager,ABM Data manager chez Sage,Sage,male
327,rjames,Data Scientist ,Data Scientist chez Libon,Libon,female
328,iwarren,Associate Analytics Engineer,Analytics Engineer | MSc Big Data Analytics | IESEG Alumni | NIT Trichy Alumni |,Back Market,male
329,fischerkelly,Business Analyst,Business Intelligence (BI) Analyst | Power BI | Data Science | Statistics,Miele,female
330,benjamin05,Head of Data,Head of Data chez Reworld Media,Reworld Media,male
331,adamharris,Student in a Magistere of Economics and International Finance,Magistere of Economics and International Finance,Interselection AA,female
332,jennifer90,Data analyst et sp√©cialiste progr√®s organisation industrielle,Data analyst et sp√©cialiste progr√®s organisation industrielle,Michelin,female
333,michelebrown,Consultant Data,Consultant Data,Th√©lio,male
334,mandyhughes,Subgerente - Analista Financiero,Business Manager | Data Analyst | Machine Learning | Digital Transformation | Python | SQL | Start Up,,male
335,brownlisa,Data Consultant,Data enthusiastüî• I work with data at multiple levels: management  engineer  analysis. I produce my own apps and dashboards,AVISIA,female
336,garciadavid,Financial Data Analyst,Data Scientist & Analyst @Wealthcome \\ La technologie au service de votre patrimoine.,Wealthcome,male
337,ryan14,Ing√©nieure des donn√©es chez Dassault Aviation,Looking for a full-time Data Scientist / Data Analyst position,,female
338,jgriffin,Ing√©nieur d‚Äô√©tudes,Ing√©nieur d'√©tude chez Solutec Bordeaux,,female
339,victoria26,Teacher Assistant,Co-fondateur @Molie - Le m√©nage comme √† l‚Äôh√¥tel | Data Analyst Freelance,,male
340,alexandergrace,Data Analyst,Certified Data Scientist | MBA | Ex Co-Founder @ The Hapoos Express,,male
341,alyssa95,Co-Founder,Data scientist @SophiaGenetics | ML engineer | AzureML,SOPHiA GENETICS,male
342,lamrobert,Ing√©nieur d‚Äô√©tudes,Ingenieur d'etudes,,male
343,jrios,Business Analyst,Business Analyst Cdiscount,Cdiscount,male
344,christopher75,Agent administratif,Ing√©nieure QA Fonctionnel | (ISTQB Certificat) | Ing√©nieure DATA,,female
345,wlittle,,Future Data Analyst | Passionn√©e par la Data  l‚ÄôApprentissage & la Tech,,female
346,igray,Assistant developpement commercial et data analyst,Assistant d√©veloppement commercial et data analyst,MaxiCoffee,male
347,bellkenneth,Data Consulting Director,Data Consulting Director,Havas Data Business Intelligence,male
348,howardangela,Analyste BI ‚Äì Transformation Digitale de la Facturation,Data Analyst üöÄ| Analyste BI & Data Integration üìä üìà| Le Wagon Power BI  SQL  Talend  Python | Transformation digitale & R√©duction des d√©lais de traitement,,male
349,hughesmatthew,Data Scientist Consultant,Data Scientist,AVISIA,male
350,jerrydavis,R√©f√©rente P√©dagogique Fili√®re Informatique,eCommerce Project Manager,,female
351,alexandersheppard,Betclic: Data engineer,Consultant Data - Younup üöÄ,Younup,male
352,jeremy65,Data Scientist,Data Scientist  BI Analyst  Lecturer  Trainer,EPSYL,male
353,emily21,Assistant technico-commercial  Oasis bio du sahel | Niamey Niger  ,Engineer | Agricultural Economist | Data analyst,,male
354,john96,Backend Software Engineer,Backend Software Engineer @PhantomBuster,,female
355,wyoung,Concepteur D√©veloppeur,ùóôùòÇùóπùóπùòÄùòÅùóÆùó∞ùó∏ ùóóùó≤ùòÉùó≤ùóπùóºùóΩùó≤ùóø,,male
356,patrick59,Data Engineer ,Big Data Consultant,Thales,male
357,danacarter,Business analyst plateformes digitales,Digital & Data Business Analyst | Project Manager,Groupe Caisse des D√©p√¥ts,female
358,cowansharon,Consultant Data Analyst/Engineer,5X GCP certified | Azure Fundamentals | Data Analyst | Web Analyst | Data Engineer| Machine Learning Enthusiast | Knowledge Graph |,JEMS,male
359,hinesdavid,Directrice Practice Strat√©gie Data Data Governance & Data Management,Data Management Manager  Th√©lio,Th√©lio,female
360,rebeccajohnson,Architecte de donn√©es,Senior Data,,male
361,sarahernandez,Data Market Analyst,Data Market Analyst Distribution Sp√©cialiste chez Sonepar France,Sonepar France,male
362,erin94,Flight data recorder analyst,Flight Data Recorder Analyst (SII for Airbus),Groupe SII,male
363,stephanie38,Data Analyst,BPACA (Banque Populaire Aquitaine Centre Atlantique) | Co-founder DENEER SARL | Looking for a work-study program from september 2025,Banque Populaire Aquitaine Centre Atlantique,female
364,reesebrenda,,Chief Data Officer,Groupe Sud Ouest,male
365,phouston,Consultante Data Analytics,Data Analyst üìä Le Wagon üöÉ & Kedge Business School üë©‚Äçüéì,delaware France,female
366,robert12,Senior Data Engineer,Integration Engineer,Alma,male
367,anthony06,Data Analytics Teacher Assistant,Data Analyst üö© (ex-CRM Manager) | Alumni @Le Wagon,Le Wagon,female
368,rwashington,Data Scientist,Data Science & AI Engineering,Awin Global,male
369,vincentgrant,Talent Acquisition Officer,Talent Acquisition Officer,,male
370,laurie58,Senior Manager | Strategy & Data Science,Manager Analytics & Data Science at Ekimetrics | Marketing Strategy | Data Analytics,Ekimetrics,male
371,troyjordan,Charg√©e d'√©tudes informatiques,√âtudiante en IA √† l'ESGI | Data Analyst BPACA,,female
372,wardgeorge,Actuarial Business Development Manager - US Market,Actuarial Business Development Manager,,female
373,michaelmichael,Charg√© de projet marketing digital,Data Analyst / BI Developer üìä SQL - Power BI - Python - Microsoft Power Platform - Alteryx,,male
374,reidandrew,Charg√© de Domaine Etudes & Reporting | Data Analyste | Statisticiens | BI,Data Analyst & Statistics at Macif | Dataiku | SAS | BO | Cloud GCP | Snowflake | Tableau,MACIF,male
375,coxkathy,IT Project Manager,Data Analyst | IT Project Manager Background,,female
376,valdezashley,Business Operations Manager,GLOBAL BUSINESS & OPERATIONS - DATA ANALYST,INSEEC Bachelor,male
377,christyhudson,Conseiller bancaire,Data Analyst | Data-driven decision-making | Python  SQL  Power Bi,,male
378,johnsonconnie,Consultant sp√©cialiste MS SQL Server,Data Engineer - Data Analyst - Microsoft SQL Server,,male
379,shaynes,Business Intelligence Consultant,Data Analyst | Certifi√© Microsoft PL 300 | Azure DP 900,,male
380,terri86,Data Scientist,Data Scientist,Qualcomm,male
381,ngould,Data Gouvernance Manager - Orange Graduate Program,Data Gouvernance | Data Science | Data Analyst | Gestion de projet | Orange Graduate Program,Orange,female
382,suttonmichael,Consultant Data Analytics,Consultant Data Analytics üñ•üìä,delaware France,male
383,rwilson,Data Analysis & Visualisation,Statistics and Data Science @ UCLA | Master's in Data Science @ University of Bordeaux,Airbus,male
384,wcraig,Data Analyst,IoT and Smart Cities Engineer - Data analysis - Programming - Project Management,Keolis Bordeaux M√©tropole Mobilit√©s,female
385,lryan,Responsable Projets Etudes & Reporting - Data analyst - Direction D√©veloppement BDD,Data Engineer / Analyst,Caisse...,male
386,iallen,Architecte logiciels,Ing√©nieur architecte logiciels | Data Analyst | freelance,Thales,male
387,choirebecca,Responsable gestion documentaire et digitalisation,Data Analyst en devenir | En formation Business Intelligence | Alliant th√©orie et pratique en alternance,,female
388,scook,Conseiller client√®le pour les pro et PME,Data analyst | Math eater ü§ìüöÄ,,male
389,vvelasquez,Stage et Alternance : Data Engineering et Data Science,Data Enginner at Rematch,Rematch,male
390,andrew78,Co-founder,Co-founder at Netcarbon,netcarbon,male
391,evansmelissa,Senior Data Engineer,Data Engineer,netcarbon,male
392,allenjennifer,Data Analyst & CRM,Analyste CRM au sein du Cr√©dit Agricole d‚ÄôAquitaine,Cr√©dit Agricole d'Aquitaine,female
393,psmith,Ing√©nieur de donn√©es,Data Engineer,AXEREAL,male
394,pstrong,,Data analyst Risk - BNP Paribas Personal Finance,,female
395,palexander,,MSc in Data Analytics for Business | KEDGE Business School  France | Engineer with Expertise in Data Analytics | Transforming Technology into Actionable Business Insights,RevoU,male
396,arowland,,Data Analyst  Customer Success Care  Account Executive. Bilingual (ENG/FR),,female
397,jessicagibson,Consultant Data,Expert Data Engineer | Consultant Data,PROXIAD,undetermined
398,michaelchambers,Data scientist,Data Scientist @LyRE - Suez,SUEZ,male
399,schmidtkim,DATA ENGINEER ,Data Engineer,Domofrance,female
400,zbryant,Pricer √ânergies - R√©seau France,Pricer Business Data Analyst - R√©seau France - TotalEnergies,TotalEnergies,male
401,rcoleman,Data Analyst en alternance ,D√©veloppeur Data en alternance,Banque Populaire Aquitaine Centre Atlantique,female
402,joel99,Consultant in biostatistics (RWD),Statistician in epidemiology (RWE),,female
403,saradean,Data Analyst,Data Analyst with 4+ Years of Experience | Master's in Big Data & Statistics,,male
404,blackkevin,D√©veloppeur Fullstack,D√©veloppeur Fullstack (Next.js  Node.js  Flutter) | 3 ans d'xp | ex - Data Analyst,,male
405,wwalsh,Data Analyst,Innovation and Information System | Data Analysis,ACC,female
406,isaac66,,Data Engineer,Thales,male
407,brianaustin,Project Manager | Scrum Master ,Scrum Master | Senior Business Data Analyst,Avanade,male
408,uturner,Data Science exchange student at DCU from University of Bordeaux.,Data Science Engineering student at the University of Bordeaux,BNP Paribas Personal Finance,female
409,michaelmurphy,Data Analyst Risque,En stage de fin d'√©tudes en tant que Data Analyst Risque √† BNP Paribas Personal Finance,BNP Paribas Personal Finance,male
410,wbrown,Ing√©nieur Data analyst sp√©cialis√© en achat d'√©nergies,Ing√©nieur Data Analyst en achat d'√©nergies chez SDEEG,SDEEG Gironde,male
411,markdavidson,,Aspiring Data Analyst at CareerFoundry. Excel/SQL/Python/Tableau.,,female
412,meganzimmerman,Data Scientist,Data Engineer & BI Analyst chez La Compagnie,La Compagnie,female
413,schwartzbrian,Cheffe de projet marketing et communication,Data Analyst üìä | Marketing Performance Optimization | B2B Specialist | ‚úÖ Available,,female
414,wesley49,BI Engineer (Informatique d√©cisionnelle) | Data Engineer / Data Analyst - Freelance,Charg√©e d'informatique d√©cisionnelle (BI) | Data Engineer / Data Analyst - Freelance,Freelance,female
415,renee11,Data Analyst Power BI,Data Analyst Power BI chez ASI ¬Æ,ASI ¬Æ,male
416,neil65,Data analyst,Analyste de donn√©es chez Cr√©dit Mutuel Ark√©a,Cr√©dit Mutuel Ark√©a,female
417,gonzalezheather,Senior Marketing Performance Analyst ,Senior Marketing Performance Analyst,Sage,female
418,skelly,Ing√©nieur Data,Ing√©nieur Data chez Filhet Allard Maritime ‚öì,Filhet Allard Maritime,female
419,karen38,,Data Driven Individual,,male
420,frank60,Chef de projet IT Data,Chef de projet IT Data,Adopt‚Äã Parfums,male
421,danielreid,Senior Data & Analytics Consultant,Senior Data & Analytics Consultant,Ind√©pendant,female
422,jacob88,Responsable Business Analyst,Business Analyst,FLOA,female
423,troynunez,Analytics Solutions Director,Analytics Solutions Director,,male
424,vthomas,Data Scientist,Data Scientist,CGI,female
425,laura75,Data Analyst en Formation,Bordeaux rive gauche. Data Analyst  Base de Donn√©es MySQL  PostgreSQL  SQL Server. IA Machine-Deep Learning Python  Big-Data-NoSQL  Spark  Support  Datavisualisation  mod√®les Classification Binaires&Multi-Classes,,male
426,joseph72,Barman,Business Administrator  translator  and Data Analyst,,male
427,lori42,Chief Data Officer,Data Manager,Roland Coiffe & Associ√©s,female
428,bassdonald,Data Scientist/D√©veloppeur,Data Scientist / D√©veloppeur,,male
429,gloriapatterson,Consultant Data,Consultant data chez Cdiscount,l'office,male
430,edwardhoffman,Data Scientist,Data Scientist chez SOMM'IT,SOMM'IT,male
431,matthewrowe,Tech Lead Data,Data Engineer,Thales,female
432,mariealvarez,Founder,Solopreneur,,male
433,ychavez,Data analyst Power BI,freelance data analyst - power bi - power automate - dashboard,,male
434,mariaellison,Consultant SAP BW on HANA,SAP BW Consultant || Certified SAP Analytics Cloud - Data Analyst || Certified SAP BW/4HANA,Eviden,female
435,johnpatel,Product Data Manager,Data Product manager @ Back Market,Back Market,female
436,sherrymassey,Senior Data Engineer,Data Engineer,MadKudu,male
437,julie19,Stagiaire Supply Chain,Ingenieur Freelance - Data Science & Data Analysis,,male
438,hherrera,HRIS Workday Data Analyst - HCM Certified,HRIS Workday Senior Data Lead / HCM Analyst,Mercer France,female
439,whitekyle,Lead Data,Lead Data,Ippon Technologies,male
440,michaelbaker,Lead Data Scientist,Data Scientist,,male
441,bryceliu,Consultant donn√©es,Data Scientist,,male
442,aaron09,Conseill√®re caviste,Reconversion professionnelle - Data Analyst au Centre de Formation - Le Wagon,,female
443,sarahtran,Head of Customer Experience Europe,Data Analyst / agile IT project manager / solutions and optimisation,,male
444,christopher89,Data Analyst,Business Analyst en mission chez Arval,Arval BNP Paribas Group,male
445,hughesfrank,Senior Manager  Data Science,Sr Manager  Data Science at FabFitFun,,male
446,alarsen,Data Analyst - MAIF (Mission),Data scientist,SixFoisSept,female
447,johnsonmandy,Consultante Data Collection & Activation,Consultante Data Collection & Activation,EdgeAngel,female
448,miguel36,Data Analyst Consultant,Consultant Business Data Analyst chez Kering,Kering,male
449,luiscervantes,Assistant de recherche ,Student Economist-Development Data Analyst,,male
450,davisemily,Consultant senior Data lead,Data analyst,Mercer France,male
451,shanelane,Registraire - INSEEC MSc,Data Analyst,,male
452,smithcynthia,Assistance √† la recette fonctionnelle,Assistance √† la recette fonctionnelle chez Le Groupe La Poste,,female
453,chase03,Data Analyst,√âtudiant(e) √† GEMA-Esi Business school Bordeaux,,male
454,idillon,Consultant Senior et responsable du p√¥le Business & Data Analytics,Efficiency Marketing Manager / Data Analyst,Talan,male
455,jamesmartinez,Data & IA Manager,Data & IA Manager - At Kimex International,KIMEX,male
456,kayla14,Analyste quantitatif risque de cr√©dit - Data analyst,Analyste quantitatif risque de cr√©dit - Data Analyst,FLOA,female
457,monicabrown,Data Scientist,Data Scientist chez GUARANI et la CEAPC,GUARAN√ç,female
458,iestrada,Senior Lead Data Analytics - Customer Experience,Senior Lead Data Analytics - Customer Experience @BackMarket,,female
459,parkerjennifer,Consultant Analytics ,Team Leader - Data Analytics Consultant /Data Analyst /BI,Le Figaro,female
460,raymond97,Senior Data Analyst,Senior Data Analyst at AODocs | Salesforce Data Expert | AI & Predictive Analytics Enthusiast,AODocs,female
461,hobbsmichael,,A √©tudi√© √† Ecole Nationale Sup√©rieure des Mines de Nancy,,male
462,joannarichardson,Data Analyst,Customer data Intelligence,Orange,female
463,riosjohn,Consultante marketing / Consumer data analyst,Consultante marketing / Consumer data analyst / Gestion de projet,Auto-entreprise,female
464,moorecody,Full-stack Developer,Developpeuse Full Stack  AI Engineer & Data Analyst,,female
465,shannon30,Ing√©nieur de donn√©es,Ing√©nieur Data Chez Thales,,male
466,summersbrian,Development Data Analyst,Development Data Analyst- Volante Global,Volante Global,female
467,fmcgrath,Charg√©e de marketing digital,Digital Analyst | Marketing Data Analyst | Web & Performance Analytics | SEO | SEA | Google Analytics | Google Tag Manager | Dashboarding,,female
468,andrew09,Scientifique des donn√©es,Data Scientist / Analyst √† Metapolis,,male
469,brownjennifer,Data scientist,Data Scientist chez Pouey international,POUEY INTERNATIONAL,male
470,christopher93,Senior Data Analyst,Senior Data Analyst | KEDGE Business School,KEDGE Business School,male
471,jacquelinezuniga,Senior Data Analyst,Senior Data Analyst chez BackMarket (ex ManoMano & KPMG),Back Market,male
472,ruizbrandon,Teacher,Data Scientist/Analyst Freelance - Le Wagon Teacher/Alumni - Chargebacks expert - happy to give feedback on Data  Machine/Deep Learning  Business  Fraud or Growth topics,Le Wagon,male
473,whiteronald,Data Scientist Junior,Data Scientist,Displayce,female
474,hnichols,Data Analyst,En M2 √† l‚ÄôIA School | Data Analyst | En stage chez Cdiscount,Cdiscount,male
475,maryrobinson,Chef de projet Procurement Excellence,Chef de projet / Data analyst,,male
476,johnschaefer,Data Analyst Dataviz,Data Analyst Dataviz,Orange,male
477,freemantara,Business Analyst,Data Scientist,Cdiscount Advertising,female
478,mitchellamy,Project ‚Äì Image Segmentation & Machine Learning for Marine Biology,Data Analyst Intern @ ENEDIS - Master‚Äôs Student in Computational and Applied Mathematics,Enedis,male
479,tami64,Ing√©nieur de donn√©es,Data Engineer,,male
480,harriskatherine,Data Scientist,Data Scientist chez Luni,Luni,male
481,ajones,Project Assistant,Graduate in Big Data @KEDGE BS | Data Analyst,,male
482,timothy61,Data Engineer,Data Engineer,Betclic Group,female
483,ryankevin,Product Manager Paiement,Product Manager at HelloAsso,,female
484,kbrown,Analyste consultant,Consultant Business Analyst,,female
485,rachael82,,Data Analyst en alternance chez Orange - √©tudiant en premiere ann√©e MSC pro chez Epitech,Orange,male
486,travisvazquez,Responsable de projet,Ing√©nieur Supply Chain / Data Analyst,,male
487,kimlisa,Data Analyst / Scientist - Contr√¥leur technique et financier,Data Analyst chez AXA WEALTH SERVICES | Analyse de donn√©es volumineuses,AXA WEALTH SERVICES,male
488,mhouse,Data Analyst,Data Analyst | Expert Excel/Access/Power BI | En transition Full Stack (Fier base  Spark  ML),Dassault Aviation,male
489,johnsonjoseph,Vice-presidente en charge de la Communication,Business Analyst Data,,female
490,simpsonlauren,Software Engineer,Software Engineer chez Dataiku,,male
491,qpope,Data Analyst,Data Analyst,BNP Paribas Personal Finance,female
492,gibbschad,Business Analyst for Consummables & Spare Parts / Project manager,Data analyst / Project Manager at Lectra,Lectra,male
493,carrillojoel,,Etudiant en Bachelor 2 intelligence artificielle et Business Management √† la recherche d'un stage de deux mois avec une possibilit√© d'alternance  en tant qu'assistant Data analyst.,,male
494,osmith,Data Scientist,Data Scientist chez Pens.com,Pens.com,female
495,williamsamy,Responsable de l‚Äôintelligence d√©cisionnelle / Data engineer-analyst confirm√©,Data Engineer/Analyst- BI,ULIX GROUP üåê,male
496,brownrobin,CDP d√©cisionnel,Business intelligence consultant,,female
497,jasongreene,Charg√© de projet et administration des ventes,Webmarketer  Data Analyst  Business Developper,,male
498,johnsonjustin,Consultante Data,Consultante Data,Th√©lio,female
499,sharpvalerie,Data Engineer,Ing√©nieur Data (+3 ans d‚Äôexp√©rience),SOFTEAM,male
500,frederickcynthia,Data analyst projet XBOM,Data Analyst consultant chez Airbus pour le projet XBOM,ALTEN,male
501,nsmith,Business & Data Analyst,Project Officer - Insurance and Alternative Funds,Soci√©t√© G√©n√©rale Assurances,male
502,shelbycarter,Data Analyst,Actuarial Analyst chez Dedomainia,Dedomainia,female
503,monica58,Data Analyst - Payment & Fraud,Project manager at Octopia (Cdiscount),CNOVA PAY,male
504,crystal15,Data Analyst Team Leader,Data Analyst Team Leader chez Octopia,Octopia,male
505,moranjack,Chef de projet BI,Chef de projet BI / Data analyst,APF France handicap,female
506,rebeccawilcox,Product owner,Product Owner | Data Analyst | DSI & Marketing | trilingue,,female
507,michael78,Gestionnaire administratif,Data Analyst | SQL | Tableau | Python | Data Visualization | Google Analytics,,male
508,rholland,Data Engineer,Data Engineer,Betclic Group,male
509,hgoodwin,Data Analyst and Translator (En-Fr-It-Es),Data Analyst and Translator (En-Fr-It-Es),Self,female
510,brownkathy,Data Intelligence Manager,Data Intelligence Manager,SEENOVATE,male
511,heather99,D√©veloppeur web & Data Analyst,Web Designer & Data Analyst Freealnce,Freelance,male
512,lawrencemiller,Senior Data Scientist,Senior Data Scientist,FLOA,male
513,michelle84,Gestionnaire Service Client,Data Analyst,,male
514,stephen36,Data Analyst - Expert Migration SAS vers Cloud ,Senoir Data Analyst - Trainer - Free-lance,Groupe BPCE,undetermined
515,tscott,Data Analyst,Data Analyst @Klark‚ö°Ô∏èÔΩúWe empower your Care Team with GenAI,Klark,female
516,diana19,Data & Analytics Senior EY Consultant,Dataiku & Power BI Analyst ‚Ä¢ Microsoft Data Fabric & PowerPlatform Expert | Notion AI Ambassador : Transforming Data into Insights for Business Growth - Born @351 ppm (CO2),EY,male
517,rodney76,IT Specialist,Data Analyst | Healthcare | Business | IT | Scientific research,,male
518,jonessabrina,Data scientist,M2 Data analytics for business in Kedge Business School,,female
519,stacy24,√âtudiant(e) √† Ecole centrale de Nantes,Data Analyst - 4th year Data IA & management BBA at Ecole centrale Nantes and Audencia business school,,male
520,sarah89,Consultant Data & BI,Data Analyst - Chef de projet - Culture et Musique,CGI,male
521,smithjimmy,Data Analytics Manager,Data Analytics Manager at Chiliz,,male
522,amartinez,Data Analyst,Etudiante Epitech Digital School | Data Analyst IDAIA LAB,Groupe IDAIA,female
523,marysanchez,Business Analyst Data,Data Analyst,Sibylone,female
524,philipcollins,Data-analyst,A la recherche d'un emploi - Data Analyst,,male
525,millerlisa,Stage Ing√©nierie des Donn√©es,Data Analyst Junior | Stage Ing√©nierie des Donn√©es | Vitivisio,,male
526,mark64,Data Strategy Consultant,Senior Data Analyst at Bayser Consulting.,Bayser Consulting,female
527,zacharymcgee,Business Data Analyst,Open to work at Data Analytics role SQL | Python | Power BI | Tableau | Business Analytics | Agile Methodology | Machine Learning,,male
528,fernandowalker,Professeur Data Analytics,Data Scientist,Courtage,male
529,betty30,Conseiller immobilier,Recherche Alternance Data Analyst,,male
530,choiteresa,Data Analyst,Data Analyst chez QuickMS  Docteur en biologie cellulaire  Pharmacien,QuickMS,male
531,scott86,Data Analyst/Expert Power Bi ,Data Analyst/Expert Power Bi chez BIFORA Data Consulting,BIFORA Data Consulting,male
532,brucehayden,Analyste de donn√©es,Business & Data Analyst üìä,gps Global Pallets and Packaging Services GmbH,female
533,carterkyle,Analyste de donn√©es,Data Analyst - Kh√¢gne A/L,,male
534,jennifersparks,Vice President Product Marketing,Vice President - Product Marketing,,male
535,rjones,Lead Tech & Data,Data Engineer & D√©veloppeur IA ouvert √† de nouvelles opportunit√©s ! ü§ùüìäüöÄ,Data 4 Everyone,male
536,marythompson,Data Analyst,Data Analyst & Consultant BI | DEV Talend & Power BI,l'office,male
537,garrettjulie,Charg√© de missions √©tudes et data,Analyst data / Mapping specialist,Chambre de M√©tiers et de l'Artisanat R√©gionale Nouvelle...,male
538,aschultz,,Data Analyst / Teacher Assistant at Le Wagon,,male
539,sarah54,,MSc Data Analytics for Business,Back Market,male
540,kellie79,Senior Data Engineer / Data Analyst,Senior Data Engineer / Data Analyst @ STFS BNP PARIBAS,BNP Paribas,female
541,thomashill,Directeur magasin,Data Analyst | BI | Retail,,female
542,william52,Consultant Data Analyst | formateur,Consultant Data Analyst | ex Intervenant data | Techno : Python  SQL  Power BI,,male
543,ksanchez,Project Management Professional,Project Management Professional  Data Analyst,,male
544,bwilson,Marketing Data Analyst,Performance Marketing Executive | Senior Digital Marketing Specialist | Data Analyst Marketing,,male
545,robertsjessica,Ing√©nieur de donn√©es BI,Data Ing√©nieur BI | Data Analyst Power BI,,male
546,mcdowellkristi,Data Analyst Product,Product Data Analyst chez TheFork  a TripAdvisor company,TheFork,female
547,bobbynelson,Data Analyst Finance,Data Analyst Finance chez Cdiscount,Cdiscount,female
548,travis57,Formation data analyst ,Alternance data scientist,OpenClassrooms,female
549,connorsmith,Data Analyst,Engineering student at Ecole nationale sup√©rieure des Mines de Saint-Etienne,Betclic Group,male
550,jeffrey26,Data Analyst,üõ†Ô∏è Data Analyst & üì¶ Experienced Supply Chain Engineer | üöÄ Bootcamp with LeWagon,Cdiscount,male
551,richardharris,Certification Power BI Analyst Associate (Certification Data analyst,Data Analyst,,female
552,gbarnes,Data Analyst,Data Analyst (Python  SQL  Machine Learning  PowerBi  Tableau),Mirakl,female
553,paulmcclure,Data Analyst - Pricer,Data Analyst üìà - SQL  Python  Power BI et formation,Jou√©Club !,male
554,ypope,Data Analyst - Fraud & AML,Data Analyst - Customer Analytics - Fraud Analytics,Betclic Group,male
555,benjaminvazquez,Quality Data Analyst,Quality Data Analyst üìä @ AT Internet | Piano (Analytics),AT Internet,male
556,sherry65,Projet Paralympique,Senior Data Analyst : 12-year e‚Äãxperience :,Groupe Caisse des D√©p√¥ts,male
557,mfisher,Data Analyst,Industrial Engineer - Falcon Configuration Dassault Aviation | Takoma,,male
558,stephen25,Analyste de donn√©es,Data Analyst | Data Engineer | Power BI | Talend,,undetermined
559,carterkelli,Apprenti Data Analyst Junior,Data Analyst Junior |üö© Python  üìä PowerBI  üîéSQL,SQUAD Conseil et Expertises,male
560,caseykimberly,IA & Data Steward,Data Steward | IA & Data Governance üìä | Analyst @ FLOA üå±üåç,FLOA,female
561,farmerjanet,Formation Data Analyst,En formation Data Analyst chez Le Wagon,,male
562,fevans,Data analyse & Developpement solutions digitales,Alternante Data analyst - Sanofi,Sanofi,female
563,jackwalters,Ing√©nieur Mod√©lisation Environnementale / Data Analyst,Ing√©nieur G√©nie Chimique / Data Analyst,Michelin,male
564,lsmith,Data-analyst,Data Analyst üìä - Touche √† tout üí°- Avec une exp√©rience m√©tier üí™,D√©partement de la Gironde,female
565,christineweiss,Data analyst marketing,Currently a 2nd year bachelor student  I am looking for an internship in an international context in marketing of 4 months from January 2021.,,female
566,tamarajenkins,Game Analytics Manager,Head of Analytics and Expert Data Analyst,Ubisoft Bordeaux,male
567,gravesandre,Data Analyst,BI & Data Analyst,FLOA,male
568,amandastrickland,Alternante Data Analyst - Controle de gestion,Alternante Data Analyst - Controle de gestion,POTEZ AERONAUTIQUE,female
569,alexander69,Data Analyst,Consultante Data Engineer/Data Analyst chez LINCOLN,,female
570,jenniferbrooks,,Data Analyst | Python  Power BI  MySQL |,,male
571,ronald58,,√âtudiant en Master 2 IREF-Economic Risk and Data Science,Orange,male
572,alicia45,Developpeur RPA - Data analyst,DATA - RPA,KaOra Partners,male
573,virginiamora,Industrial site FP&A,Data Analyst,,female
574,donald73,Customer Performance Analyst,Freelance Senior Data Analyst,Accor,male
575,brandon63,Data Engineer + Analyst,Data Engineer,Klarsen,male
576,kayla88,Alternant Analyste de donn√©es,Apprenti BPCE ASSURANCES IARD | Master 1 Data Analyst,,male
577,aburgess,Data Analyst,PhD in Biology | Data Analyst | Using Data Science for the good with D4G üíªüåç,SixFoisSept,female
578,knunez,D√©veloppeur web,Data Analyst,,male
579,renee87,Data Engineer,üë©üèª‚ÄçüéìData Engineer @ La Banque Postale,La Banque Postale,female
580,bentleyangel,Data analyst,Information Systems and Business Intelligence Engineer,,male
581,fosterjohn,Consultante / analyste BI ,Business Analyst / Data Analyst,,female
582,theresalang,Project Intern,Data-Driven Supply Chain Analyst | Looking for an Alternation in Supply Chain,,male
583,gregoryspencer,Functional Business Analyst,Business Analyst,,female
584,bmanning,Data Consultant,Consultante Data,Th√©lio,female
585,josephmorales,In-Country Analyst,Student at Kedge Business School,,female
586,ericmercer,Data Ingenieur / Data Scientist,Data Ing√©nieur / Data Scientist - FLOA,FLOA,male
587,zschmidt,Data analyst ,Ing√©nieur informatique chez Davidson consulting,Davidson consulting,male
588,glendajohnson,Consultante data confirm√©e,Consultante Data,Talan,female
589,phendricks,Data Scientist,Data Scientist at IDAIA Group,,male
590,mmcmahon,BI Data Analyst,Data Scientist,Fidme,female
591,kristenhill,Consultant Data / Power Bi,Consultant BI / DATA,Freelance,male
592,garciajohn,Consultant IA ,Data Analyst,Apsalys,male
593,jwolf,Data Analyst,Data Analyst chez SUEZ France,SUEZ France,male
594,teresa55,,√âtudiante en Master 1 Big Data & ia | Alternante Data Analyst et d√©veloppement des solutions digitales,Sanofi,female
595,kylehull,Product Owner Sant√©,Chef de projet  Product Owner  Data Analyst,,male
596,krystal78,Gestionnaire de Bureau de Change et Devises,Chef de projet IA - Data Analyst,,male
597,uchavez,Business Developper,Data Analyst - Executive MBA,,male
598,gina35,Senior Data Analyst,Senior Data Analyst @ Ubisoft Bordeaux,Ubisoft Bordeaux,female
599,kelly62,Consultant support technique,Data Analyst - Python - SQL - PowerBI,,male
600,romeroryan,IT/Finance Business Analyst ,IT/Finance Business Analyst @Umake,ISOCEL E.Leclerc,male
601,andrea16,Business Data Analyst,Business/Data Analyst chez DEKRA,DEKRA,male
602,edwardskayla,Cheffe de projet digital et data analyst,Cheffe de projet digital et data analyst,L'agence Toutlevin,female
603,wonganne,Senior Data Analyst,Senior data analyst Floa Bank,FLOA,female
604,thomasfrench,Technicien informatique,Data analyst chez INORIX,,male
605,pcontreras,Data Analyst,Data Analyst chez BNP Paribas Personal Finance,BNP Paribas Personal Finance,female
606,dbowers,Formation,Data analyst - Bordeaux,LePont,male
607,shanedavis,Data Analyst chez Orange,Data Analyst chez Orange,Orange,female
608,danielharris,H√¥tesse de caisse,Junior Data Analyst,,female
609,katherinegill,Consultante Data / Career manager ,Data Analyst at Cdiscount,Keyrus,female
610,smithmichael,Data Analyst,Atlassian Consultant / Data Analyst at 6HAT,6HAT,female
611,mackkelsey,Agent de collecte,Business analyst & Data analyst,,male
612,porterherbert,Research And Development Engineer,Quality Engineer & Data Analyst | Student Msc Pro IA @EPITECH,,male
613,lisa89,Analyste risque de credit  Data analyst,Analyste risque de credit  Data analyst,FLOA,female
614,stanleymcdonald,Consultante Transitions Nouvelle-Aquitaine,Consultante et Data analyst & Praticienne Breathwork ind√©pendante,,female
615,stevenkennedy,Data Analyst,Data Analyst chez Cdiscount,Cdiscount,female
616,lwalls,Head of Product,Data Analyst  @vlesah digital startup,@vlesah media startup,male
617,kpage,Project Coordinator PatientGO,Data Analyst/Performance Analyst,Syneos Health,female
618,walkerterrence,Data Analyst,Data Analyst | SQL üõ¢Ô∏è| Power Bi üìä | Cloud ‚òÅÔ∏è,Orisha Socialcare MUST,male
619,victoriarichardson,Data Analyst & Digital Coordinator,Data Analyst & Digital Coordinator chez Safran Helicopter Engines,Safran,male
620,allenreginald,,Finance & Data Analyst | Supply Chain & ERP Specialist | Driving Data-Driven Decisions & Process Optimization,,male
621,denise82,Qualifications de solution de Machine Learning,Data Analyst : SQL - Python (Machine Learning - Web Scraping - API) - Power BI - Excel,,male
622,travisgalloway,Product Manager,Product Manager chez Citron¬Æ,,male
623,lgolden,Data Analyst,Data Analyst Freelance,Preuves et Concepts,male
624,pamelasanchez,Responsable E-Commerce,Responsable E-Commerce,,male
625,jesse73,Junior Category Manager,Data Analyst,,male
626,curtis61,Data Analyst,Data Analyst,Apave International,male
627,anthonylynn,Data Analyst,Data Analyst en Audit Interne Bancaire,Caisse d'Epargne Aquitaine Poitou-Charentes,male
628,gpeterson,Analyste d√©veloppeur ,Data Analyst et d√©veloppeur chez Orange,,male
629,victor32,Business Owner,Aspiring Data Analyst,,male
630,wrightjames,Data Analyst,Data Analyst at ArianeGroup,ArianeGroup,male
631,markvincent,Aspiring Digital Nomad,Futur Data Analyst || En reconversion - F√©vrier 2026 ||,,male
632,shannonyoung,GERANT,GERANT,,male
633,nmendez,Data Engineer,Data Engineer,Thales,male
634,pollardphilip,Senior Data Manager,Data analyst - Fraud Management,Betclic Group,male
635,vanderson,Data Analyst,Data analyst,Cap M√©tiers Nouvelle-Aquitaine,female
636,armstrongsusan,Team Leader charg√©e de communication digitale,Data Analyst chez Ejara,,female
637,joseph97,Expert Freelance | Data - IA - Cloud,Consultant Data & IA,Tenth Revolution Group,female
638,jharvey,Ing√©nieure d‚Äô√©tudes,Ing√©nieure d‚Äô√©tude - Data analyst,,female
639,robertdelgado,Data analyst senior,Data analyst senior,Carbon4 Finance,female
640,derekphillips,Teacher - Data Analyst,Consultante Data Analyst eXalt,eXalt,female
641,jacobstewart,Actuellement en M2 Econom√©trie et Statistique  parcours EQUADE √† Lyon  alternant chez Sanofi Pasteur en biostatistiques,Charge d'√©tude actuarielle / data analyst,,male
642,brendascott,Responsable data analyst chez sage,Responsable data analyst chez Sage,Sage,female
643,andrewwright,Charg√© de digitilisation ,Data Analyst,,male
644,ramosjennifer,Data analyst,Data Analyst,ULTRA PREMIUM DIRECT,female
645,tgomez,Staff Data Analyst,Staff Data Analyst - Qonto,Qonto,male
646,huntermarc,Data Analyst,Data Analyst chez Cdiscount,Cdiscount,male
647,qthomas,Analyste de donn√©es,Data analyst chez Orange Business Services,,male
648,mcbridetracy,Charg√© Datas et Marketing Produits,Data analyst - Sp√©cialiste E-commerce  Data et Webmarketing,,male
649,xjoyce,Analyste de donn√©es,Junior Data Analyst at Ubisoft Bordeaux,,female
650,evanhorton,Analyste fonctionnel de donn√©es,Business Analyst DATA,ACENSI Sud-Ouest,female
651,fernandezkayla,Seller,Data Analyst | Data-driven decision-making,Wild Code School,male
652,vfisher,Conseiller sp√©cialis√© en patrimoine,Data Analyst | Conseiller sp√©cialis√© en patrimoine | Certification AMF,,male
653,ashley75,Consultante en management et excellence op√©rationnelle,Data Analyst,CEVA SANTE ANIMALE,female
654,amber55,Data Analyst,Data Analyst - Orange,Orange,male
655,colonchad,Chef de produit data,Data Analyst pour la Direction de la Maintenance A√©ronautique,DMA√©,male
656,kparker,Digital Marketing & Data Analyst,Digital Marketing & Data Analyst | FreemiumPlay,,male
657,james05,,Business Data Analyst |Business Analyst|Data Analyst|Business Intelligence,,female
658,crystal05,Responsable Expert Data et Developpement,Data Analyst,Caisse d'Epargne Aquitaine Poitou-Charentes,male
659,jenniferschultz,Senior Data & IA Consultant @Turnk Group | NoCode Services : CRM  ERP  App Builder  Ticketing & SIRH,Senior Data & IA Consultant @Turnk Group | NoCode Services Group : Web  CRM  ERP  App Builder  Desk & SIRH,,male
660,corey30,Chef de projet DATA,Chef de projet Data chez FLOA,FLOA,male
661,zcabrera,Ing√©nieur Calcul et Simulation en  M√©canique,Data Analyst,,male
662,sonya58,Analyste de donn√©es,Data analyst,,male
663,renee78,Alternant Data Analyst,Data analyst | Sage (France) <- Taikang (China),Sage,female
664,angela52,Data analyst/engineer,Data analyst/engineer chez Lema Consulting - IREF Bordeaux,LEMA,male
665,christina16,Real-time ML Researcher,PhD in Computer Science | Researcher on real-time machine learning,,female
666,gardnermiguel,Animatrice p√©riscolaire,√âtudiante √† Epitech digital school - Junior Data Analyst,,female
667,hubbardcassidy,Data analyst free-lance ,Data analyst,Ind√©pendant,male
668,robertpratt,Consultante Data analyst marketing,Data analyst chez AVISIA,AVISIA,female
669,taylorhall,Analyste de donn√©es,Data Analyst,,female
670,lisaward,Data Analyst,Data Analyst chez Cdiscount,Cdiscount,male
671,krystalwilliams,Consultant Data Analyst,Consultant Data Analyst chez Audensiel,Audensiel Nord,male
672,stevenwashington,Gestionnaire de base de donn√©es,Data Analyst,,female
673,daniellesmith,Data Analyst,Data analyst,Groupe Cr√©ative,female
674,hebertjoshua,Analyste SOC,SOC Analyst,Orange Cyberdefense,female
675,peter27,√âtudiant,Data Analyst - Python - PowerBI - SQL,,male
676,jennifer45,Data Scientist - Pricing,Data Analyst / Data Scientist,Cdiscount,male
677,tarafitzgerald,Data Science & Engineering Lead,Data Science & Engineering Lead,Sencrop,male
678,virginiajohnson,Product Owner Data/IA,SENIOR PRODUCT OWNER DATA,France Travail,male
679,mwalls,Business Data Analyst,Consultant Senior Data | BI üíª,LabSoft,male
680,joseph48,Data Analyst,Data Analyst chez Back Market,Back Market,male
681,howellkimberly,Senior Data Analyst,Senior Data Analyst at Betclic Group,,female
682,fmontgomery,D√©veloppeur C# .Net,Data Engineer | Data Analyst,,female
683,victorbarton,IT Business Analyst - Business Process Management,Product Owner - AI - Data Analyst,,male
684,allisonlong,Freelance Data Scientist,Freelance Data Scientist - Data Analyst,Ind√©pendant,male
685,brianhaynes,Data analyst - SIG,Data analyst - SIG,Touton SA,female
686,mallorythomas,Data Engineer,Data Analyst - Sopra Steria,ALTEN,male
687,cookanthony,Data Analyst Co√ªt du Risque,Data Analyst - BNP Paribas PF,BNP Paribas Personal Finance,female
688,ophillips,Data Analyst,Data Analyst,Service D√©partemental d'Incendie et de Secours de la Gironde,male
689,christopher91,Mission : Data Analyst / Developper BI - EDF,Data Analyst - Developper BI,Apside,male
690,bjoseph,Supply Chain Analyst,‚úàÔ∏èüìä Data Analyst in Aeronautics,Sabena technics,female
691,emueller,Senior Consultant,Senior Data Analyst,,male
692,jenkinschristopher,Data Analyst RH,üöÄ Recrutement & Data | J‚Äôaide les entreprises √† structurer leurs process RH  optimiser leur ATS et recruter efficacement gr√¢ce √† la data & une approche RecOps.,Teamside,female
693,michael99,Data Analyst,Data Analyst chez Universit√© de Bordeaux,Universit√© de Bordeaux,male
694,armstrongcolton,Data Analyst,USP Development Scientist,Scalian DS,female
695,nicolewhite,Business Intelligence Developer,Business Intelligence Analyst / Data Analyst,Ind√©pendant,female
696,roblesdavid,Lead Data Analyst,Lead Data Analyst,Foxintelligence,male
697,gmoss,Experienced FTTH Consultant,FTTH Telecom Engineer | Data Analyst,,male
698,david07,Product Data Analyst,Data Analyst at Swile,Swile,female
699,ushannon,Data Product Manager,Data Product Manager,Betclic Group,male
700,stacy77,,data analyst chez freelance,freelance,male
701,philipvazquez,Data Analyst,Data Analyst,Koesio Corporate IT,male
702,austin58,Business Analyst & Data Analyst,Business analyst & Data analyst üìà,LOOM CONSULTING,male
703,michael72,Responsable Data analyse,Data Analyst,Cdiscount,male
704,robertsonstephen,Analyste de donn√©es et Chef de Projet,Data / Business analyst,,male
705,raven97,Senior Data Analyst,Senior Data Analyst | Analytics Engineer,Lydia,female
706,gabrielle36,Data Analyst,Senior Data Analyst @Betclic,Betclic Group,female
707,mchase,Data Analyst,Data Analyst @Betclic | Centrale Marseille,Betclic Group,male
708,yvonne92,Data analyst pricing,Data analyst,BricodealTorro,female
709,marquezemily,Junior Traffic Manager,M2 Data Analyst,,female
710,mckayjackie,Data Analyst,Data analyst,EDF,female
711,joneshunter,Data Analyst Product,Data Analyst Product,ManoMano,female
712,blacksusan,Data Manager / Data Analyst,Data Analyst,TotalEnergies,male
713,jacquelinebrennan,Data Analyst,Data Analyst at Ballande France,BALLANDE FRANCE ET ASSOCIE,male
714,rgarza,Data Analyst,Data Analyst,,male
715,krobinson,Data Analyst Junior,Data Analyst Junior chez Displayce,Displayce,male
716,paul01,Data Analyst,Data Analyst,,male
717,victoriamurphy,Data Analyst / Responsable de Projets Etude,Data analyst,Caisse d'Epargne Aquitaine Poitou-Charentes,male
718,linda92,Administrative and accounting manager,Data analyst chez CDISCOUNT,LOOM CONSULTING,female
719,john73,Product Data Analyst,Product Data Analyst,JobTeaser,female
720,raymond29,Business Data Analyst,Business Data Analyst chez Dassault Aviation,Dassault Aviation,male
721,timothyguzman,Data Analyst,Ing√©nieur Data Analyst,Octopia,male
722,webbmichael,Lead Data Analyst,Data Analyst chez Betclic Group,Betclic Group,female
723,aprilesparza,Data Analyst,Data Analyst chez Cdiscount,Cdiscount,male
724,vaughanemma,Data analyst,Data Analyst alternante chez Floa,FLOA,female
725,zflores,Charg√© QRSE et d'analyse data ,QRSE & Data Analysis Manager | Passionate about Data Marketing  Geomarketing  Data Governance  and CSR.,Maison Lineti,male
726,laura02,,Data Analyst,,male
727,iwagner,Data Analyst,Data Scientist for ClaraVista,Cdiscount,male
728,kimberly68,Data analyst ,Data Analyst,optim.aize,female
729,annamora,,Data Analyst / Data Scientist,,male
730,hunterbrown,Teacher Assistant,Data Analyst | Freelance,Freelance,male
731,goodjeffrey,International Product Manager,Business & Data Analyst,,female
732,ogonzalez,Data Analyst,Data Analyst at Cdiscount,,female
733,anitamorris,Web Developer,Data Analyst ‚Ä¢ Notion Expert ‚Ä¢ Full-Stack Web Developer | Ruby on Rails - React.JS,Noah Consultant,male
734,haguirre,D√©veloppeuse Web junior REACT.js,Data Analyst √† la Data University,,female
735,curryjustin,Charg√© d'analyse produits(Data Analyst),Charg√© d'analyse produits (Data Analyst) chez Cdiscount,Cdiscount,female
736,williamsrichard,Analyst BI,Data Analyst Junior  Statistique et Informatique D√©cisionnelle ( Business Intelligence ),,male
737,donald27,Data Analyst - Etudes consommateurs internationales,Data Analyst - Business Performance,BNP Paribas Personal Finance,female
738,lpalmer,Data analyst,Data analyse chez Orange France,Orange,male
739,katie56,Consultante Digital Analytics,Marketer Data Analyst,,female
740,mark14,Analyste Optimisation,Data Scientist,,female
741,todd26,Data Analyst  Marketing  Acquisition,Data Analyst  Marketing  Acquisition chez Cdiscount,Cdiscount,female
742,josephbrown,Digital Marketing Assistant,Data Analyst | CRM | Digital Marketing,,female
743,gbailey,Data Scientist,Data Analyst / Data Scientist,,male
744,bryanjones,Data analyst,Data Analyst,Next Decision,male
745,dpadilla,technicien service suret√©,Data Analyst,,male
746,morgantheodore,Data Analyst,Data Anayst,,female
747,matthew32,Responsable adjoint d‚Äô√©tablissement,Data Analyst,,male
748,evanskatie,Responsable Test & Learn,Business Data Analyst chez BNP Paribas Personal Finance,,male
749,moorecharlene,Data-analyst,Data Analyst,OpenClassrooms,female
750,kramerjennifer,Data Analyst,Data Analyst chez National Pen,National Pen,male
751,mlyons,Data Analyst,Data Analyst √† l'Agence d'Urbanisme Bordeaux Aquitaine,agence d'urbanisme Bordeaux Aquitaine,male
752,zbuchanan,Data-analyst,data analyst - statistical analysis - web applications PHP/HTML/CSS,Freelance,male
753,paulamarks,Data Scientist en formation,Data Scientist | Data Analyst,,female
754,daniel71,Data Analyst,Data Analyst/Scientist √† la recherche de CDI,,male
755,elizabethewing,Senior Data Analyst,Senior Data Analyst at Accor,,male
756,ythomas,Data analyst / engineer,Consultant data analyst,,male
757,grimesjacob,Data Analyst ,Data Analyst,FLOA,female
758,davidjones,Performance Testing and Green IT Internship,Student in 2nd year MSC Data Analyst / Artificial Intelligence,,male
759,barnesnatasha,Consultante data,Data analyst / consultant,Business & Decision,female
760,cookaaron,Digital Analytics Consultant and L1 Technical Advisor,Data Analyst üíª,,male
761,angelabush,Data Analyst,Data Analyst chez Cdiscount,Cdiscount,male
762,bethross,Stage > Oscillation √©lectro-mecanique d'un nanotube de carbone dans le r√©gime de couplage fort ,Data Analyst et dipl√¥m√© AI,,male
763,matthew49,Pilote de flux,Data analyst,,female
764,haneyrachel,Data engineer,Data Analyst Junior,Adopt‚Äã Parfums,male
765,jeffrey61,Analyste de donn√©es,Data analyst,,male
766,acrawford,Data Analyst,Data Analyst chez Randstad Digital,Randstad Digital,male
767,richardnicole,Analyste de donn√©es,Data Analyst,GUARAN√ç,male
768,elizabeth96,Data Analyst,Data Analyst - Compass Group France,Compass Group France,male
769,matthew36,Analyste de donn√©es,Data Analyst,,female
770,codymarks,Data & Reporting Analyst and Contractor Management,Business and Data Analyst / Engineer,Infovista,male
771,jonathanthompson,Data Analyst,Data Analyst,Yescapa,female
772,abullock,Career transition,Data Analyst Student,,female
773,dianesmith,Data analyst,Data analyst,Dvore,female
774,randy96,Data Scientist,Data Scientist  Data analyst,,male
775,christopher45,Consultant BI et Analytics,DATA ANALYST,,female
776,dwatson,Data Manager,Data Analyst,INSERM Institut national de la sant√© et de la recherche m√©dicale,female
777,george87,Data analyst,Data analyst,LA PLACE de l'immobilier,male
778,christianwest,Data analyst,Data Analyst,CINA,male
779,katherine79,Data analyst,Data Analyst chez Groupe Caisse des D√©p√¥ts,Groupe Caisse des D√©p√¥ts,female
780,brownbrian,Data Analyst,Data Analyst,Minist√®re des Arm√©es,female
781,carrolljessica,Charg√©e de projets SI RH,Data analyst,Groupe Pasteur Mutualit√©,female
782,zgilmore,Data Analyst,Growth Acquisition Specialist @ Betclic Group,Betclic Group,male
783,bjohnston,Data Analyst,Data Analyst / Recherche Alternance Data & IA Engineer -,Wild Code School,female
784,gbenjamin,Data Analyst/Engineer Junior,Data Analyst/Engineer Junior,,male
785,lsanchez,Digital Marketing Specialist,Content strategist | Marketing ( Growth  Product) | Data insights | Creative,,female
786,davidwright,Data Analyst,Data Analyst,,female
787,janet21,Data Analyst - Digital solutions,Data Analyst & Digital solutions,Sanofi,male
788,tina47,Data analyst,Data analyst chez pass Culture,pass Culture,female
789,laceymiller,,Data Analyst Junior,,female
790,ncoffey,Data analyst,Data analyst,Yescapa,female
791,cthomas,Consultant Data Analyst,Data Analyst,AVISIA,male
792,sarahmiller,Data Analyst,Data Analyst - Data Engineer,,female
793,paynevictoria,Data Analyst,Data Analyst,BNP Paribas Personal Finance,male
794,jasondavis,Measurement Partner,Measurement Partner,,male
795,ana70,Senior Data Analyst,Senior Data Analyst,Betclic Group,male
796,davidrubio,Business and Data Analyst,Business and Data Analyst,M√©decins Sans Fronti√®res,female
797,caseyknapp,Data Analyst,Data Analyst,Davidson consulting,male
798,kristendonovan,Business Analyst Fulfilment ,Data Analyst,Octopia,female
799,adrian71,Analyste de donn√©es,Data Analyst| Scientist | finance | assurance,,female
800,millerelizabeth,Technical Designer & Data Analyst,Data Analyst | BI Developper,HDF Energy,male
801,georgecortez,Data Analyst - Data Engineer,Data Engineer - Data Analyst at Avanade,Avanade,male
802,williamcordova,Consultant en bases de donn√©es pour Orange Business,Consultant Data,,male
803,stewartcheryl,Senior Data Analyst,Senior Data Analyst - Betclic,Betclic Group,male
804,jeffrey60,D√©veloppeur web,Data Analyst,,male
805,johnsonrachel,Consultant data analyst chez BIFORA consulting,consultant data analyst,BIFORA,male
806,michaeljenkins,Data Analyst,Alternant M1 MIAGE - Data Analyst,Orange,male
807,bwilliams,Analyste chartiste,Data analyst en recherche d'alternance,,female
808,rbaker,Data Analyst,Data Analyst chez Wanteeed,Wanteeed,male
809,marychristian,Actuary,Data Analyst | Data Scientist | Actuary,,female
810,stephensmark,Data Analyst,Data Analyst,Octopia,female
811,clarkmary,Directeur des op√©rations,Data Analyst Junior,,male
812,mariamartinez,Consultante Data,Data Analyst,,female
813,christopher59,Data Analyst Freelance,Data Analyst,TELUS International,male
814,michael39,Consultant Data,Data Analyst - Product Owner Data,eXalt,male
815,melissamccoy,Ing√©nieur d‚Äô√©tudes et d√©veloppement - Data,Data Analyst Engineer,SOFTEAM,female
816,michellefields,data analyst,DATA ANALYST/ Developpeur Web/Data scientist,,female
817,elizabeth87,Senior Data Analyst,Senior Data Analyst chez FLOA,FLOA,female
818,reevesashlee,Business Developer & Data Analyst,| Business Analyst |,Mac-P'AI,male
819,aguirrealicia,Data Analyst,Data analyst,Singulair,male
820,brenda01,Data Analyst,Alternant #Data analyst #Python #Bordeaux,BNP Paribas Personal Finance,male
821,christina37,Belharra Num√©rique,Junior Data Analyst,,female
822,kari26,Product Owner,Data-Analyst,,female
823,joseph80,Data Analyst,Data analyst en train d'√™tre transform√©e dans une Data Scientiste,Hager Group,female
824,mgrimes,Etudiante √† l'Efrei Paris,Alternante Data analyst chez Ariane group,ArianeGroup,female
825,kellymorton,Product Analytics Manager,Product Analytics Manager at Betclic,Betclic Group,female
826,sandrapetersen,Formation Data Analyst,Data Analyst | ML,M2i Formation,male
827,jennamiller,Professeur particulier de math√©matiques,üßëüèª‚Äçüéì√âtudiant en Master 2 IREF-FQA üíºStagiaire Data Analyst chez Orange üìçBordeaux,Orange,male
828,alexander19,Data analyst & formateur freelance,Data Analyst | Dev web | Streamer,Jonathan Dupau,male
829,darrenmartinez,Data Analyst,Data Analyst chez Ubisoft Bordeaux,Ubisoft Bordeaux,female
830,suzanne94,Revenue Analyst,Data Analyst,Vendap,male
831,samuelcarter,Product Data Analyst,Data Analyst @Blablacar,BlaBlaCar,female
832,robertjones,CEO & D√©veloppeur web fullstack,CEO  Data Scientist & Data analyst chez DataOra,DataOra,male
833,katherine71,MOA Data,Data Analyst Junior,Groupe Caisse des D√©p√¥ts (port√©e par Umake),female
834,sperry,Data Analyst,Data Analyst,,male
835,markbeltran,Finance Data Analyst,Data Analyst,,female
836,harry69,Data Analyst,Data Analyst chez KEOLIS BORDEAUX METROPOLE MOBILITES,Keolis Bordeaux M√©tropole Mobilit√©s,male
837,marywhite,Data Analyst,Data Analyst Junior,Consoneo,female
838,smccarty,Analyste de donn√©es,Data Analyst Junior,,female
839,timothy68,Teaching Assistant Data Analyst,Formateur Data Freelance | Junior Data Engineer / DevWeb,Wild Code School,male
840,jessicamason,Data Analyst,Data Analyst,Dedomainia,female
841,matthewreid,Data Analyst,Data Analyst,MACIF,male
842,christopher48,Market Data Manager,Market Data Manager,Societe Generale Corporate and Investment Banking,female
843,mhamilton,En formation Data Analyst,Data Analyst et Power Bi (Python  Power BI  SQL  Pandas  Numpy  Seaborn  Machine Learning),Freelance data analyst,female
844,bcollins,Senior Data Scientist,Senior Data Scientist chez Umake,umake,male
845,rodriguezdaniel,Data Analyst,Data Analyst @Discurv,Discurv (ex Madeinvote),female
846,nicholasgreen,,Data analyst,CGI,female
847,brownmichael,Biomedical Data Manager,Data Analyst - Python | DataViz' | PowerBI | IA,I.CaRe Bordeaux,female
848,ashleygarcia,Data Analyst | Analytics Engineer,Eternally Curious & Data Tinkerer üë®‚ÄçüöÄ Data Analyst ‚ñ™Ô∏è Tracking & Scraping ü´∂üèº,Comptastar,male
849,fbennett,Data Analyst,Data analyst,SUEZ,female
850,jennifer43,Professeur particulier priv√©,Data Engineer | BI & Power BI | SQL & ETL | Transition vers Chef de Projet Data,SOLUTEC,male
851,johnsonbrenda,Data Analyst,Data Engineer | Data Analyst,,male
852,ncarr,Data Analyst - BI & Data Analytics ,Data Analyst at FLOA Bank,FLOA,female
853,boothjacob,Data Analyst,Data Analyst / BI,NEXTON,male
854,laurenbrown,Data Analyst,Data Analyst @ BlaBlaCar,BlaBlaCar,female
855,watkinsteresa,Data analyst ,Data analyst au Stade Rochelais,Stade Rochelais,male
856,whitenorma,Data analyst,Data Analyst | Contr√¥le de Gestion | SQL | Power BI | Python,Fondation INFA,female
857,chase86, cheffe de projet data junior,Data Analyst | Data engineer,Bordeaux M√©tropole,female
858,debraschneider,√âtudiant,Data Analyst | Python | SQL | Data visualisation,,male
859,wsanchez,Data Analyst,Data Analyst chez Refectory,REFECTORY,male
860,gregory98,Data analyst,Data Analyst chez GGVIE,GROUPAMA GAN VIE,male
861,juan04,Coordinatrice Paid Marketing EMEA,EMEA Paid Marketing Coordinator @Boardriders | Data Analyst,,female
862,danielmitchell,Data analyst,Data analyst,,male
863,bradleydaniel,Data analyst,Data analyst,RENAULAC,male
864,tara14,Data analyst,Data Analyst,,male
865,pfisher,Data Analyst,Data Analyst chez GUARAN√ç,ACC,male
866,christybrown,Data Collection Officier,Data Analyst,Touton SA,female
867,collinsbrandy,Data analyst,Data Analyst chez Shine,Shine,male
868,hsims,Freelance,‚ùóÔ∏è Looking for a DATA ANALYST internship of 4 to 6 months starting in February I am a second year Student at Epitech Digital & Businessman,DEKRA,male
869,suarezjason,Data Project Manager & Data Analyst,Lead Project Data & Senior Data Analyst,CHANEL,male
870,mikenguyen,Ing√©nieure d'√©tudes en production  traitement  analyse de donn√©es,Data analyst,,female
871,bhughes,Consultant Data,Data Analyst,CPAM de la Gironde,female
872,carrillobetty,Consultante en analyses web,Data analyst,,female
873,xsweeney,Data Engineer,Data Engineer,SOFTEAM,male
874,scole,Data Analyst - Risques,Data Analyst,Banque Populaire Aquitaine Centre Atlantique,male
875,proberts,Data Management Analyst,Data Analyst,ACSSI,male
876,campbelldavid,Data Analyst,Data Analyst,Sage,female
877,edward37,Consultant PLM _ Data Migration,Data Analyst - PLM,Percall Group,male
878,vmarks,Data analyst,Data Analyst @LeHibou | Associ√© @STUDCORP | Pilote de la donn√©e et des produits digitaux,LeHibou,male
879,kwallace,Data analyst marketing,Data Analyst Marketing chez Cdiscount,Cdiscount,male
880,rwhite,Comptable et Controle de Gestion,Data Analyst,,female
881,jonesluis,Ing√©nieur cloud,Data Engineer,,female
882,thomasnicholas,Data analyst,Data Analyst,umake,female
883,lauren21,Data Analyst,Data Analyst,Keolis Bordeaux M√©tropole Mobilit√©s,male
884,hilljohn,Data Analyst,Traffic Manager,France Travail,male
885,butlerdenise,Alternant Charg√© de Grands Comptes,Data Analyst @HelloAsso,HelloAsso,male
886,fwashington,Lead Data Analyst,üí° Lead Data Analyst | Payment | Fraud | AML,Betclic Group,male
887,staceymason,Data Analyst,Data Analyst üßôüèª‚Äç‚ôÄÔ∏èüìà,Orange,female
888,rebeccaphillips,Lecturer at IA School,Data Analyst,,female
889,juliehoward,UX/UI Designer,Digital Analyst | Product Data | User Behavior,,female
890,anichols,Consultant Data Analyst,Data Analyst & Ing√©nieur en Agronomie et Agro-Industries sp√©cialit√© Gestion des Entreprises et Entrepreneuriat,Scalian,male
891,laceybrown,Data Analyst,Business Analyst Data,Les Domaines Barons de Rothschild Lafite,female
892,ashley08,Data Analyst,Data Analyst @Libon,Libon,male
893,morozco,,Business Intelligence Analyst | Data Analytics  Looker  Analytical Skills,,female
894,brian71,Business Performance Analyst (BPO) Intern,Data Analyst üìä Specializing in KPI Reporting & BI Dashboards üöÄ Enabling Strategic Decisions with SQL  Python  Power BI  Tableau  Excel  Google Sheets,,female
895,nwashington,Data Analyst ,Data Analyst Consultant,Caisse d'Epargne Aquitaine Poitou-Charentes,male
896,cmiller,Consultante Data,Data Analyst,CGI,female
897,thompsonjeremy,Consultant Data,Data Analyst,Next Decision,male
